,subject,session_id,electrode,localization,fooof_export_path,CF1,PH1,BW1,CF2,PH2,BW2,CF3,PH3,BW3,CF4,PH4,BW4,CF5,PH5,BW5,CF6,PH6,BW6
0,sEEG-1002,0,LCM1,subcortical,../fooof_fits_sEEG_2021101_r4_fir1_pw1/sEEG-1002-0-LCM1-fooof.json,14.575859494862485,0.5445349322951873,18.323328901960835,60.13784987542751,2.1366744118329546,1.0,61.465545732891535,0.9616401581737541,1.0,179.9652265854547,1.9413186758757615,1.0214576890553348,180.44411063003815,1.9329981443722453,50.0,,,
1,sEEG-1002,0,LCM2,subcortical,../fooof_fits_sEEG_2021101_r4_fir1_pw1/sEEG-1002-0-LCM2-fooof.json,1.0687251667547373,0.24989920178963487,1.0,8.241116570484795,0.4674567321407075,13.51939837170766,22.95590799669678,0.22304419591486813,24.03539511336896,60.05471887923758,0.870008057458211,1.0,179.96891809156136,1.1117960968002354,1.0,184.2653217418079,0.36565391338892006,50.0
2,sEEG-1002,0,LCM3,subcortical,../fooof_fits_sEEG_2021101_r4_fir1_pw1/sEEG-1002-0-LCM3-fooof.json,12.443973505975599,0.38728313400763703,10.132396574329158,35.022629003479274,0.639178773793688,9.124291303277975,60.11096293928983,1.2696304887273584,1.0,181.21200000000002,0.41515951430980813,50.0,,,,,,
3,sEEG-1002,0,LCM4,subcortical,../fooof_fits_sEEG_2021101_r4_fir1_pw1/sEEG-1002-0-LCM4-fooof.json,8.797764210106385,0.6375081435134913,11.058059792111655,14.501869285532164,0.9640280770337419,1.545079471842259,20.444,0.3375641696843772,14.687443021091802,60.05901917874485,1.0302027165167207,1.0,179.99390650407628,1.2277177572457596,1.5645568039560906,,,
5,sEEG-1002,0,LCM16,cortical,../fooof_fits_sEEG_2021101_r4_fir1_pw1/sEEG-1002-0-LCM16-fooof.json,2.098906771760653,1.1976139904021217,12.401243568000963,13.429912750870747,0.7444621220659755,4.5152847913130705,21.480699317622445,0.42677450190448063,11.671274351836358,60.0764162698682,1.0645432466899631,1.0,179.98407969564607,1.271676675797833,1.5575400122002252,,,
6,sEEG-1002,0,RCM2,subcortical,../fooof_fits_sEEG_2021101_r4_fir1_pw1/sEEG-1002-0-RCM2-fooof.json,12.382892658490375,0.9436031357962342,9.830596249750016,13.690791426211987,0.9219835218814456,22.748193673705888,60.15258249410242,1.469144863333625,1.0,179.9644229125647,1.5195872955411804,1.0,180.0841739011514,1.5115913567419739,50.0,,,
7,sEEG-1002,0,RCM3,subcortical,../fooof_fits_sEEG_2021101_r4_fir1_pw1/sEEG-1002-0-RCM3-fooof.json,6.760326347205623,0.4391085918067059,8.20584865800618,12.996213283321357,0.7076343870849442,12.973863008751524,60.0857671450612,1.0498177589188948,1.0,179.99345956277102,1.5121183180969116,1.4969726509823773,,,,,,
8,sEEG-1002,0,RCM4,subcortical,../fooof_fits_sEEG_2021101_r4_fir1_pw1/sEEG-1002-0-RCM4-fooof.json,5.681116570484795,0.4434922671156496,15.106693924057273,35.80940332455695,0.6007593582598769,8.413811484280084,60.135896477627924,1.662514607240615,1.0,61.484470454042764,0.4974321406955635,1.0,179.9672186707317,1.8544346522153639,1.3868281275609255,,,
9,sEEG-1002,0,RCM5,subcortical,../fooof_fits_sEEG_2021101_r4_fir1_pw1/sEEG-1002-0-RCM5-fooof.json,10.905843405971625,0.49698908443589396,8.9391292321814,20.578233140969587,0.26385955427623564,29.114646253999627,60.140586743911044,1.6833780472182038,1.0,61.523635697885766,0.5297808501070964,1.0,179.98953196288338,1.740955204828884,1.3670932750393276,,,
10,sEEG-1002,0,RCM6,subcortical,../fooof_fits_sEEG_2021101_r4_fir1_pw1/sEEG-1002-0-RCM6-fooof.json,2.6200412247859846,0.4314064836102851,30.557415225122263,14.364856924537342,0.8396092700461555,5.504161773490953,60.01273262990509,0.6748741045161424,1.0,152.37953371806083,0.21574929169162083,49.89197419798661,179.95495902752012,1.066690895774009,1.0,199.68,0.3690378165162187,41.15056844037648
12,sEEG-1002,0,RCM16,cortical,../fooof_fits_sEEG_2021101_r4_fir1_pw1/sEEG-1002-0-RCM16-fooof.json,14.423221582364617,0.19690792679154612,1.0,20.534701213004446,0.2967213454338946,1.248498514420291,22.4991452130493,0.41013388732847034,1.0,28.927610221304484,0.21971597520648167,1.0,179.85930894052777,0.3339010977195116,1.1536402234431924,,,
13,sEEG-1002,0,LCM12,cortical,../fooof_fits_sEEG_2021101_r4_fir1_pw1/sEEG-1002-0-LCM12-fooof.json,24.000488271917156,0.25434393627016405,14.904765112270065,60.047759682115526,0.6324952269140294,1.0,179.97340314705764,0.9846859734635807,1.0,199.132,0.19858135179463865,42.35913319466278,,,,,,
14,sEEG-1002,0,LCM13,cortical,../fooof_fits_sEEG_2021101_r4_fir1_pw1/sEEG-1002-0-LCM13-fooof.json,20.052647324965463,0.3458587906068278,13.382981320733439,80.348,0.23060384690195512,12.489284095562722,81.8078118184324,0.5434430905521808,1.0,91.86220154839832,0.3646303325266711,6.535930520069258,94.72013471549776,0.35212168833929347,1.0,181.724,0.21847356539670137,30.7721473505669
15,sEEG-1002,0,LCM14,cortical,../fooof_fits_sEEG_2021101_r4_fir1_pw1/sEEG-1002-0-LCM14-fooof.json,60.04990377289028,1.0048799804001263,1.0,77.87122794263541,0.3277761625814737,16.465487647213653,87.004,0.2925135528122471,4.539412162192789,179.97341673850283,1.6534984113626994,1.2238306425006642,,,,,,
16,sEEG-1002,0,LCM15,cortical,../fooof_fits_sEEG_2021101_r4_fir1_pw1/sEEG-1002-0-LCM15-fooof.json,21.117865204269958,0.36977353062606966,16.150608424636488,60.11897525448146,1.1918611953207794,1.0,80.274357637278,0.4674016103232361,4.462561412816348,82.5468809090308,0.384779146751697,20.584007732234177,179.96998940595324,2.246681457802632,1.442988962887264,,,
17,sEEG-1002,0,RCM14,cortical,../fooof_fits_sEEG_2021101_r4_fir1_pw1/sEEG-1002-0-RCM14-fooof.json,26.58536332453192,0.10213968371857618,50.0,60.014194348100716,0.44416894982907706,1.0,68.572,0.3270471829734998,50.0,69.03499810999809,0.41497895987127187,1.0,179.9474568763915,0.9307609490069417,1.0,,,
18,sEEG-1002,0,RCM15,cortical,../fooof_fits_sEEG_2021101_r4_fir1_pw1/sEEG-1002-0-RCM15-fooof.json,27.148555168786555,0.12871052167697883,10.902951312243772,59.95595219881469,0.5380276853136294,1.0,68.572,0.2250573904950084,7.1929301036693465,70.108,0.21598289424014006,50.0,179.94264969801344,0.5621397025880501,1.0,,,
19,sEEG-1002,1,LCM1,subcortical,../fooof_fits_sEEG_2021101_r4_fir1_pw1/sEEG-1002-1-LCM1-fooof.json,16.98135893311153,0.9524559997592927,14.58708953799337,57.78653219505603,1.20922982431094,1.6071847469686817,60.04953311654962,3.3270130143097063,1.0,61.43947317136631,1.8918177463645698,1.3487399590518414,179.8532263006971,2.7381778322537684,2.0556297611168115,,,
20,sEEG-1002,1,LCM2,subcortical,../fooof_fits_sEEG_2021101_r4_fir1_pw1/sEEG-1002-1-LCM2-fooof.json,17.298862015752402,0.7292120178263453,15.013761263363453,60.12338196975823,1.4989236875934768,1.0,61.36622067232952,0.2632711557112355,1.0,179.928811055971,1.6497260613418891,1.710840615511541,,,,,,
21,sEEG-1002,1,LCM3,subcortical,../fooof_fits_sEEG_2021101_r4_fir1_pw1/sEEG-1002-1-LCM3-fooof.json,16.400696349050303,0.8165004939636411,11.94609854517643,60.098402920742686,2.463680224538125,1.0,61.39996808740395,1.1055944314521398,1.0,179.91703335888312,2.5910968227072715,1.289193069761064,184.88111657048478,0.366896035900691,50.0,,,
22,sEEG-1002,1,LCM4,subcortical,../fooof_fits_sEEG_2021101_r4_fir1_pw1/sEEG-1002-1-LCM4-fooof.json,9.435110032690671,0.73800608076413,4.4985683808468595,17.136750702879624,1.2087543804319516,7.924769526056423,60.110197552021106,2.0430101343871794,1.0,61.397089530820566,0.7385358779596576,1.0,179.95765703748106,1.7273413324240128,1.2818653532225555,,,
24,sEEG-1002,1,LCM16,cortical,../fooof_fits_sEEG_2021101_r4_fir1_pw1/sEEG-1002-1-LCM16-fooof.json,1.024,0.9400535115865534,13.851251672548415,21.438150963764954,0.6513563670344702,12.260342192914942,60.09024597751613,2.574991772471506,1.0,61.41314975879906,1.1960583268833123,1.072608441219694,179.89764645870775,2.3218817862588867,1.559703683968758,,,
25,sEEG-1002,1,RCM2,subcortical,../fooof_fits_sEEG_2021101_r4_fir1_pw1/sEEG-1002-1-RCM2-fooof.json,8.470020616652198,0.7181710921638178,4.348432767216273,16.438392077277022,0.9264748175846478,13.272302203243873,60.10804906648186,2.213197910748198,1.0,61.376561083838425,0.8703159720630111,1.0,179.91117202325705,2.0441254781904163,1.836723622555407,,,
26,sEEG-1002,1,RCM3,subcortical,../fooof_fits_sEEG_2021101_r4_fir1_pw1/sEEG-1002-1-RCM3-fooof.json,10.093281732943698,0.8313783649913997,1.7343653689582998,15.739147200104377,0.8355315398831991,15.826337941507022,60.10750273670558,2.01173700671238,1.0,61.356090366556614,0.6966176472844055,1.0,179.8825701768696,2.430675610183444,1.6857558672321913,,,
27,sEEG-1002,1,RCM4,subcortical,../fooof_fits_sEEG_2021101_r4_fir1_pw1/sEEG-1002-1-RCM4-fooof.json,13.278542514946105,0.28788707779390954,18.70029238013617,18.14025615345841,0.7163852361658911,4.153726382206945,60.10523821365397,2.294648115012155,1.0,61.399934569349355,0.9446484557152317,1.0,179.89028284575122,2.382133662786037,1.5934118676807756,,,
28,sEEG-1002,1,RCM5,subcortical,../fooof_fits_sEEG_2021101_r4_fir1_pw1/sEEG-1002-1-RCM5-fooof.json,15.82435489286081,0.8569950127451467,10.279514834101915,57.864287934189115,0.6072396291738151,1.136003030092397,60.094878230705774,2.5641650197521084,1.0,61.411394071721666,1.213307721939298,1.0447610930552034,179.88702285336757,2.4419772039683636,1.6286648192142226,,,
29,sEEG-1002,1,RCM6,subcortical,../fooof_fits_sEEG_2021101_r4_fir1_pw1/sEEG-1002-1-RCM6-fooof.json,9.732422340950663,0.6784991182617297,5.634166067414624,17.907488047481902,1.4053574313307742,6.230455610061408,60.122696542904634,1.7116246583908978,1.0,61.37027908193097,0.4662325304796564,1.0,179.92100367590402,2.0458292581924766,1.556940887637232,,,
31,sEEG-1002,1,RCM16,cortical,../fooof_fits_sEEG_2021101_r4_fir1_pw1/sEEG-1002-1-RCM16-fooof.json,22.99110750077928,0.4090804736947913,4.441691990560644,24.1,0.3650442046770461,4.6100737377712635,60.064783931743825,0.4665309179489938,1.0,84.444,0.13715979655297872,46.15925840289945,180.06514195225583,0.5106141261940351,1.0,,,
32,sEEG-1002,1,LCM12,cortical,../fooof_fits_sEEG_2021101_r4_fir1_pw1/sEEG-1002-1-LCM12-fooof.json,26.66,0.2997997544244271,50.0,28.708000000000002,0.3127473517314421,11.081909255883868,60.0871664988016,1.202182045805543,1.0,179.95614166490626,1.8934185228377007,1.1766660628347811,,,,,,
33,sEEG-1002,1,LCM13,cortical,../fooof_fits_sEEG_2021101_r4_fir1_pw1/sEEG-1002-1-LCM13-fooof.json,22.94947759562297,0.5172562329469894,7.217389856287658,60.090442712285004,0.9220363642146712,1.0,74.71600000000001,0.1437052154218268,44.840683849563014,120.02492583526666,0.9156673377018709,1.0,179.98843664044855,1.4888952051832334,1.0159544776294869,,,
34,sEEG-1002,1,LCM14,cortical,../fooof_fits_sEEG_2021101_r4_fir1_pw1/sEEG-1002-1-LCM14-fooof.json,60.16280669801586,1.6519765684606806,1.0,78.884,0.28305095295233684,28.887520145087137,120.06254010794224,0.6455686057897907,1.0,179.86476550859757,2.766592359493341,1.6747650487806784,,,,,,
35,sEEG-1002,1,LCM15,cortical,../fooof_fits_sEEG_2021101_r4_fir1_pw1/sEEG-1002-1-LCM15-fooof.json,22.450458242465658,0.8217640227694947,6.045668461643739,44.58,0.5076547392492596,5.908896130088367,60.178093271080755,1.804605436619232,1.0236037548835686,178.64597664697402,1.3811169860244323,1.0289523189157268,180.04665496695227,3.0583624445107933,1.277616075588029,,,
36,sEEG-1002,1,RCM14,cortical,../fooof_fits_sEEG_2021101_r4_fir1_pw1/sEEG-1002-1-RCM14-fooof.json,38.62567001309274,0.5515546437043817,1.810524208540964,42.315773008800164,0.4484979160286926,1.0,60.06828887619239,0.9195388932851767,1.0,78.92554652444069,0.1950794534894289,39.30637909996409,179.9778423801362,1.6785133091937858,1.0393082071275237,,,
37,sEEG-1002,1,RCM15,cortical,../fooof_fits_sEEG_2021101_r4_fir1_pw1/sEEG-1002-1-RCM15-fooof.json,21.905069104851783,0.2835427689203218,4.952547826140758,60.079991103274594,1.0629503396128754,1.0,73.6788834295152,0.2494776007318933,50.0,78.7988834295152,0.2663140109247486,17.784429812203747,179.9918803229483,1.3180549095138723,1.0,,,
38,sEEG-1021,0,LCM6,subcortical,../fooof_fits_sEEG_2021101_r4_fir1_pw1/sEEG-1021-0-LCM6-fooof.json,3.9252892665916166,0.6842050753838365,5.299111956176366,5.911481653208375,0.8162030889054979,1.6014434519903253,19.048205804990157,0.25191114679783944,4.619708085692983,162.949208573788,0.1706854707541794,50.0,182.48076936996617,0.20796002523628587,21.142993196880155,199.64797557358543,0.24418700402562266,16.333459221748182
39,sEEG-1021,0,LCM9,cortical,../fooof_fits_sEEG_2021101_r4_fir1_pw1/sEEG-1021-0-LCM9-fooof.json,14.23776685903041,0.42559985857963234,50.0,14.989780559169994,0.44140755822338384,3.76293658955527,15.396,0.4366496510639575,26.507671226906215,23.588,0.1473203340124556,26.316097895134718,27.29484695951854,0.13822189494361226,1.0336863317243143,,,
40,sEEG-1021,0,LCM10,cortical,../fooof_fits_sEEG_2021101_r4_fir1_pw1/sEEG-1021-0-LCM10-fooof.json,15.061984929528968,0.46833299896568725,3.8900075323293457,19.465720590661736,0.29168159704349783,6.320869173804832,26.673116570484794,0.08757256246980027,49.99992640497525,68.88240543928941,0.09506386352029672,44.97621904378688,190.94,0.06774701195049104,12.60734702101532,,,
41,sEEG-1021,0,RCM1,subcortical,../fooof_fits_sEEG_2021101_r4_fir1_pw1/sEEG-1021-0-RCM1-fooof.json,2.736362752783593,0.7612659411013514,1.0,4.981081754497912,0.8547432379604594,2.915401637352634,8.74,0.5115769263978276,5.083166711503772,11.860885430385087,0.3514690768943556,1.0,16.433116570484795,0.20871487137289257,15.581142888178114,,,
42,sEEG-1021,0,RCM2,subcortical,../fooof_fits_sEEG_2021101_r4_fir1_pw1/sEEG-1021-0-RCM2-fooof.json,5.95820431634316,0.7370754382518285,9.145250082822573,142.28795818896737,0.18675446574829735,44.280450338474814,148.51013207611695,0.20927737980834493,7.050321977729063,149.54,0.2128437311009037,14.355245479026992,158.57068450409966,0.24222229821322294,23.717045653069288,196.68413484290934,0.3597497928013418,49.30875161581794
43,sEEG-1021,0,RCM3,subcortical,../fooof_fits_sEEG_2021101_r4_fir1_pw1/sEEG-1021-0-RCM3-fooof.json,4.300710760952094,1.021646741219481,6.2376043897223905,5.668,0.9346955305233209,1.7016663086089645,9.008616340396962,0.2957186254003048,1.0,9.692,0.2252487336139506,2.037715103469356,171.556,0.24212437915980267,50.0,199.68,0.2115981086099037,49.99911275600449
44,sEEG-1021,0,RCM4,subcortical,../fooof_fits_sEEG_2021101_r4_fir1_pw1/sEEG-1021-0-RCM4-fooof.json,5.267474845427916,1.1109214165976127,7.867434099002551,137.67888342951522,0.15006747167858592,41.48386580211472,149.7428909288857,0.19159023580017198,19.25493684427073,153.5781912536978,0.20427709784683046,25.709534057237036,168.27411639948104,0.2313137971468393,32.448682280394856,199.68,0.305429416354265,29.418594270868503
45,sEEG-1021,0,RCM5,subcortical,../fooof_fits_sEEG_2021101_r4_fir1_pw1/sEEG-1021-0-RCM5-fooof.json,2.6839424495077173,0.588968120312515,7.56656685651684,26.223505337927755,0.2733137785829758,3.106715224347905,164.9,0.10638575176564657,50.0,186.332,0.1341807547595142,50.0,194.3123933061638,0.12800859814515242,49.991752516368535,,,
46,sEEG-1021,0,RCM9,cortical,../fooof_fits_sEEG_2021101_r4_fir1_pw1/sEEG-1021-0-RCM9-fooof.json,3.0567154131844556,0.46281716706392295,1.0,7.644,0.00849854970424957,1.1727022908552802,31.268,0.17210967926905774,16.13695040068536,72.29023314096959,0.2504882728657769,50.0,73.2376776155241,0.25145756714296397,16.12507455804279,85.60223314096959,0.19866992676687723,29.61635713884509
47,sEEG-1021,0,RCM10,cortical,../fooof_fits_sEEG_2021101_r4_fir1_pw1/sEEG-1021-0-RCM10-fooof.json,3.997510371623477,0.3327726722659783,2.976404790936351,7.644,0.017708124259740998,2.7783690910211596,26.06737154817432,0.32791035211043607,9.954422004257427,34.63597111900181,0.2499219679155278,10.21522078640705,61.404,0.19176148156016382,7.034056241806279,78.00539665140928,0.25185750081111813,44.86610175903866
48,sEEG-1021,0,LCM2,subcortical,../fooof_fits_sEEG_2021101_r4_fir1_pw1/sEEG-1021-0-LCM2-fooof.json,2.980665252401881,0.7580272198269746,1.4404016658062417,6.836975027475022,0.3864064446828479,28.16754407725845,8.193341415722111,0.43955830012848374,21.364183037952266,15.576015672401642,0.5700064576854906,13.8816118536566,146.79598132548554,0.18573526087955017,33.24696060911234,187.76453324788235,0.30496582971947106,49.999346089447634
49,sEEG-1021,0,LCM3,subcortical,../fooof_fits_sEEG_2021101_r4_fir1_pw1/sEEG-1021-0-LCM3-fooof.json,4.170952543854472,0.6565659641890331,3.3859333673600736,8.392504163368011,0.3562502949994819,20.95582683510183,9.947285711842,0.3456981760194058,13.812568352982968,21.949491022621036,0.5340004762053727,7.571229233520287,157.22,0.2002121913459476,49.99602010239087,199.68,0.3119337367915964,49.96686621549529
50,sEEG-1021,0,LCM4,subcortical,../fooof_fits_sEEG_2021101_r4_fir1_pw1/sEEG-1021-0-LCM4-fooof.json,2.6789464395927047,0.7862120321926334,1.1230912101128578,5.649047691558604,0.6958692419358012,3.7275921716986535,7.696038445895895,0.4428301704905273,15.156939406043339,8.30904610730389,0.35163309466538983,35.149146515152644,172.508,0.2352995938074791,34.69472068932043,180.16774217516968,0.24649807726374817,50.0
51,sEEG-1021,0,LCM5,subcortical,../fooof_fits_sEEG_2021101_r4_fir1_pw1/sEEG-1021-0-LCM5-fooof.json,3.7241067385382425,0.6675912698764268,7.557828948076419,20.356777826428953,0.2677877410404932,4.079710619085562,163.27888342951522,0.15804453180307654,50.0,169.71798579087016,0.1714302292714791,27.58769639575251,172.3966503023264,0.17695759511197195,46.274322812450386,199.68,0.22073594184218592,28.85594604639373
52,sEEG-1021,1,LCM6,subcortical,../fooof_fits_sEEG_2021101_r4_fir1_pw1/sEEG-1021-1-LCM6-fooof.json,1.8014237887322655,0.7492736194201353,1.4743621328725673,5.747968891582271,0.7369029188337084,4.312434625044093,17.720502445595148,0.3437396289337915,4.2767414708421185,159.26697543281844,0.16348296361820047,50.0,183.6256748557272,0.22244173461880123,8.328606180430778,199.67693361774172,0.23345269924270795,35.95674949464226
53,sEEG-1021,1,LCM9,cortical,../fooof_fits_sEEG_2021101_r4_fir1_pw1/sEEG-1021-1-LCM9-fooof.json,15.71257388780341,0.4718725975296998,5.2517174559202875,25.063052227743093,0.14980834392386555,12.116007725637596,45.25246628193918,0.11390587042233768,50.0,59.44080540883197,0.11831229439631485,1.523006395524098,63.964,0.100734139024663,6.627553546773176,,,
54,sEEG-1021,1,LCM10,cortical,../fooof_fits_sEEG_2021101_r4_fir1_pw1/sEEG-1021-1-LCM10-fooof.json,16.103171290411293,0.4547183447552552,5.353390622630839,22.564,0.19047915796152814,6.152950581083213,29.745116570484793,0.11199592599333741,6.016833088455773,38.70698863833879,0.10347348376554066,26.24061112145501,66.0014949339401,0.11107388812831154,45.664147101202516,,,
55,sEEG-1021,1,RCM1,subcortical,../fooof_fits_sEEG_2021101_r4_fir1_pw1/sEEG-1021-1-RCM1-fooof.json,2.399852700298688,0.7817019685594975,1.0,5.37836798793984,0.8890669772816917,4.23165969786034,13.206117511963226,0.28171960677567576,14.434864365075187,59.90924909071042,0.10925335790591362,1.0,143.836,0.23940032270203027,50.0,,,
56,sEEG-1021,1,RCM2,subcortical,../fooof_fits_sEEG_2021101_r4_fir1_pw1/sEEG-1021-1-RCM2-fooof.json,5.634646620360716,0.7402737993216046,7.6207389786385615,8.228,0.6149815302443553,1.0,11.869055158086613,0.2717803524319464,22.520451299601852,143.85785886233361,0.19100410529389045,46.63284901085149,172.06964612542893,0.2985769436889054,46.47446007928554,195.89385385992585,0.3576040454493903,49.86943322708733
57,sEEG-1021,1,RCM3,subcortical,../fooof_fits_sEEG_2021101_r4_fir1_pw1/sEEG-1021-1-RCM3-fooof.json,3.0362544577538992,1.0610893343913936,8.51082652707974,8.7305420194257,0.4370817018200164,1.0,141.1439511832296,0.15326609943062053,44.0030019908818,157.36317536723618,0.19848141242561823,30.585553459019803,178.02068319975274,0.27258026677012204,16.201625851663383,192.2959179588578,0.29957580491645075,40.416472131702506
58,sEEG-1021,1,RCM4,subcortical,../fooof_fits_sEEG_2021101_r4_fir1_pw1/sEEG-1021-1-RCM4-fooof.json,4.5907350104715,1.1075216385868334,10.00967079258553,126.11327938387451,0.13563061683427868,31.56632824168505,127.86197872268653,0.14308982964474204,33.321538260797496,144.69419554746727,0.18639102069305125,50.0,156.2511789206239,0.2161460794631651,49.999946746800354,197.80117719025577,0.29984759027468044,50.0
59,sEEG-1021,1,RCM5,subcortical,../fooof_fits_sEEG_2021101_r4_fir1_pw1/sEEG-1021-1-RCM5-fooof.json,2.5642466378041795,0.6332331983484298,9.834604764409693,26.075923265493913,0.38976846435972057,2.3563379127349293,180.85111202794658,0.14070057653487034,50.0,181.284,0.14087822655478455,39.3912613599936,190.428,0.13454871240107558,50.0,197.28378181976055,0.12008642345000986,50.0
60,sEEG-1021,1,RCM9,cortical,../fooof_fits_sEEG_2021101_r4_fir1_pw1/sEEG-1021-1-RCM9-fooof.json,2.7676307212314613,0.3639544518371185,2.1613177644674764,3.4047680402647718,0.2788501964352079,2.096054742871479,26.62342656407944,0.293829643234389,11.173754012470864,37.54344394993035,0.21905351318796562,14.210536017350915,45.13647429345017,0.1610888617393602,8.346270409954485,77.22777335130884,0.30787166711603575,38.723558597194035
61,sEEG-1021,1,RCM10,cortical,../fooof_fits_sEEG_2021101_r4_fir1_pw1/sEEG-1021-1-RCM10-fooof.json,2.1938659145278234,0.48149811230040385,1.0002417979826936,3.918490412196737,0.4000311225654887,1.079126166735395,29.19804405751148,0.42862797169431843,13.636139118940022,70.1285826157232,0.2877318697661728,47.3763781136467,77.82650110857605,0.32939368851206297,16.629363419488605,139.27705941392904,0.12653708609765246,1.0
62,sEEG-1021,1,LCM2,subcortical,../fooof_fits_sEEG_2021101_r4_fir1_pw1/sEEG-1021-1-LCM2-fooof.json,2.954047038105067,0.5862329713536525,2.7660430291526477,6.190335841358134,0.30705898459045855,24.699247023830765,15.973323071781673,0.6760277531378183,14.68733074400917,149.5056444872311,0.2316082935877084,28.024723123489785,166.266791426212,0.28998415991950743,50.0,,,
63,sEEG-1021,1,LCM3,subcortical,../fooof_fits_sEEG_2021101_r4_fir1_pw1/sEEG-1021-1-LCM3-fooof.json,4.533705310803156,0.5078582140022441,4.025541929179111,15.557433529300745,0.6547847678216119,8.151802271693311,23.024287380699214,0.6801833742785277,5.413155122136525,139.0952046710383,0.1596359673635135,13.592406992486474,143.00633951947657,0.17194882072970508,37.99650588307982,196.06357137067414,0.3483499321906294,50.0
64,sEEG-1021,1,LCM4,subcortical,../fooof_fits_sEEG_2021101_r4_fir1_pw1/sEEG-1021-1-LCM4-fooof.json,4.369636137783035,0.6432723471772768,5.662694764672881,18.10232514427281,0.16815908730301032,10.99816433133455,160.82234142624426,0.21619020051643645,1.8482116121653425,164.37213701794676,0.22554604422883706,50.0,169.948,0.23126759531968766,50.0,,,
65,sEEG-1021,1,LCM5,subcortical,../fooof_fits_sEEG_2021101_r4_fir1_pw1/sEEG-1021-1-LCM5-fooof.json,2.322434590086754,1.0009059354614376,2.07891068664411,5.156000000000001,0.562228714669315,1.5005797554708757,6.180059030877627,0.6252628348733325,3.880992227282693,10.351091115339463,0.3002585601299419,1.7584281875376617,19.654050346821055,0.3416227077510925,5.408284002964359,191.524,0.26608881377323,50.0
66,sEEG-1021,2,LCM6,subcortical,../fooof_fits_sEEG_2021101_r4_fir1_pw1/sEEG-1021-2-LCM6-fooof.json,1.5980060340317777,0.7063037214452805,1.709571661704628,5.438507473030226,0.7902351209209595,3.727023072785309,18.80455112825087,0.22714903796196317,4.580079160868162,,,,,,,,,
67,sEEG-1021,2,LCM9,cortical,../fooof_fits_sEEG_2021101_r4_fir1_pw1/sEEG-1021-2-LCM9-fooof.json,15.680022427258193,0.542987837460494,5.901006104853313,25.09368596595394,0.22947517291342834,12.348196872362356,39.74499718065838,0.1524671944466256,24.010797136217043,67.85551031792048,0.12522706234400793,47.848940491875055,,,,,,
68,sEEG-1021,2,LCM10,cortical,../fooof_fits_sEEG_2021101_r4_fir1_pw1/sEEG-1021-2-LCM10-fooof.json,17.087560912729497,0.46557875642579205,6.781838561727173,27.746860691898224,0.15659218330003633,14.207393231391462,35.036124626863476,0.14147260616207014,9.909965332818599,51.02794027663181,0.14036094110222663,24.480817538401325,66.82780634224203,0.13592270517421667,43.598585911473826,,,
69,sEEG-1021,2,RCM1,subcortical,../fooof_fits_sEEG_2021101_r4_fir1_pw1/sEEG-1021-2-RCM1-fooof.json,5.226041702298007,0.7902952742293401,4.842030212148188,12.960675127788912,0.28743471516467345,15.694847338130721,58.404,9.888730488682995e-06,1.0,148.88154339010282,0.1990890521497164,41.286380940503165,197.53330764998836,0.3542606032526745,50.0,,,
70,sEEG-1021,2,RCM2,subcortical,../fooof_fits_sEEG_2021101_r4_fir1_pw1/sEEG-1021-2-RCM2-fooof.json,5.555575000178633,0.6180747060292688,9.272630779494504,151.90903087374573,0.28111827596707073,7.204369611361429,162.73190799669678,0.30791175843557284,50.0,,,,,,,,,
71,sEEG-1021,2,RCM3,subcortical,../fooof_fits_sEEG_2021101_r4_fir1_pw1/sEEG-1021-2-RCM3-fooof.json,2.205914082825659,0.8370387631232141,1.7795352607065362,5.0426727962044895,1.019766865859399,5.2301330854265835,178.41265536048155,0.28902978311489846,50.0,,,,,,,,,
72,sEEG-1021,2,RCM4,subcortical,../fooof_fits_sEEG_2021101_r4_fir1_pw1/sEEG-1021-2-RCM4-fooof.json,5.235221365949738,1.2057053877446897,7.277136389816259,170.34195713105993,0.31778605373378,50.0,,,,,,,,,,,,
73,sEEG-1021,2,RCM5,subcortical,../fooof_fits_sEEG_2021101_r4_fir1_pw1/sEEG-1021-2-RCM5-fooof.json,26.041850306571327,0.23163712704338124,2.801799677467808,184.16260608303674,0.12434892274972142,50.0,,,,,,,,,,,,
74,sEEG-1021,2,RCM9,cortical,../fooof_fits_sEEG_2021101_r4_fir1_pw1/sEEG-1021-2-RCM9-fooof.json,2.998015479791217,0.3596514091544769,1.968417752586628,19.21101791272754,0.261201247435924,5.1805187860438275,29.248394139812472,0.2247721709431545,12.89704464106384,77.34667578892922,0.32394283674970126,43.1791092778605,,,,,,
75,sEEG-1021,2,RCM10,cortical,../fooof_fits_sEEG_2021101_r4_fir1_pw1/sEEG-1021-2-RCM10-fooof.json,3.5494350298164523,0.36016274137525706,2.1680014346783154,18.908,0.19193999658301664,3.4162896260541995,28.274240712376887,0.3281712874486953,11.523636289646602,73.12066353742459,0.39071775168603473,28.333304643954133,96.72486740729889,0.19077835189395742,33.408314374248164,,,
76,sEEG-1021,2,LCM2,subcortical,../fooof_fits_sEEG_2021101_r4_fir1_pw1/sEEG-1021-2-LCM2-fooof.json,12.22848028289708,0.6450229694319969,20.41832151080101,59.89409422776359,0.09008829266042007,1.0,,,,,,,,,,,,
77,sEEG-1021,2,LCM3,subcortical,../fooof_fits_sEEG_2021101_r4_fir1_pw1/sEEG-1021-2-LCM3-fooof.json,3.8480414530998215,0.5247229009254006,3.3926181977839924,7.598789750819039,0.30690893824941234,9.098426568060349,13.519619764111129,0.44714737570730456,11.757056884575626,22.29062372073713,0.5897924526395624,8.689368504214237,181.43850307375348,0.3186022945852027,50.0,,,
78,sEEG-1021,2,LCM4,subcortical,../fooof_fits_sEEG_2021101_r4_fir1_pw1/sEEG-1021-2-LCM4-fooof.json,2.758612606135758,0.6154876274793128,1.6650477954273128,5.308989498961628,0.5319922012697642,3.533962453340162,10.289116570484794,0.126694003107648,11.407773546091192,23.05263887587616,0.1434934351635757,4.946536894040114,59.982158926292065,0.08493261521210194,1.0,,,
79,sEEG-1021,2,LCM5,subcortical,../fooof_fits_sEEG_2021101_r4_fir1_pw1/sEEG-1021-2-LCM5-fooof.json,4.065901617613957,0.7152264601699052,6.887528815516342,20.98006596744881,0.31865278193240876,5.373222745730006,180.74594507975743,0.2371369976780251,50.0,,,,,,,,,
80,sEEG-1023,0,LPI1,cortical,../fooof_fits_sEEG_2021101_r4_fir1_pw1/sEEG-1023-0-LPI1-fooof.json,4.558883429515205,0.2406210933424262,10.774163399201857,8.156217036769219,0.19173488977634,11.826860876850352,29.42252252797132,0.19513673453580083,4.693158007529463,51.88709937284484,0.1371758463866506,20.437294594427243,82.21130331756723,0.19287621664787835,37.11508815651882,,,
81,sEEG-1023,0,LPI2,cortical,../fooof_fits_sEEG_2021101_r4_fir1_pw1/sEEG-1023-0-LPI2-fooof.json,1.024,0.8960968449104012,1.8376369495337486,8.142883429515205,0.3265496579336027,7.810947123204411,13.703723244558162,0.12925141145602126,2.579816704698308,76.81479316769526,0.3332654445759591,46.24563888864634,,,,,,
82,sEEG-1023,0,LPI3,cortical,../fooof_fits_sEEG_2021101_r4_fir1_pw1/sEEG-1023-0-LPI3-fooof.json,9.01752460230627,0.15971433677507996,3.324013790774633,50.951146469354306,0.24626699951488717,15.478762634192442,67.45617277132351,0.2527977931540768,16.332395887131074,81.96940605650619,0.16038874829041916,27.044548166174263,194.32579813616752,0.12419908264949342,23.94034047631408,,,
83,sEEG-1023,0,LPI14,cortical,../fooof_fits_sEEG_2021101_r4_fir1_pw1/sEEG-1023-0-LPI14-fooof.json,14.455780006812171,0.5085784390445696,15.655940440027129,59.92907510117299,0.15013300455018275,1.0,180.46608528550414,0.10602862444473438,19.015368378104505,190.93042751729544,0.1173314052630694,10.81885443723758,198.7051165704848,0.1764259802460213,11.061872487005118,,,
84,sEEG-1023,0,LCM1,subcortical,../fooof_fits_sEEG_2021101_r4_fir1_pw1/sEEG-1023-0-LCM1-fooof.json,20.359486147550477,0.9069939620042433,12.225797942934122,60.83132790515242,2.6194550606817302e-05,1.0,140.21933986093572,0.16739794862713886,38.44169133940949,190.82649627903976,0.3435715289112231,48.42279701912627,,,,,,
85,sEEG-1023,0,LCM2,subcortical,../fooof_fits_sEEG_2021101_r4_fir1_pw1/sEEG-1023-0-LCM2-fooof.json,23.380228236565166,0.532498586599182,9.581189341226667,,,,,,,,,,,,,,,
86,sEEG-1023,0,LCM3,subcortical,../fooof_fits_sEEG_2021101_r4_fir1_pw1/sEEG-1023-0-LCM3-fooof.json,19.049392275186236,0.31803535789302195,3.718751320437812,24.097632436354868,0.420746323875127,8.840459337957217,184.28208692276817,0.14249522291942895,50.0,,,,,,,,,
87,sEEG-1023,0,LCM4,subcortical,../fooof_fits_sEEG_2021101_r4_fir1_pw1/sEEG-1023-0-LCM4-fooof.json,20.99916537879039,0.6682317209781345,9.649344634949097,29.407234711349048,0.158484696610115,18.99305137833988,181.379073501541,0.17757694585717232,50.0,,,,,,,,,
88,sEEG-1023,0,LCM5,subcortical,../fooof_fits_sEEG_2021101_r4_fir1_pw1/sEEG-1023-0-LCM5-fooof.json,5.814325144272807,0.13296500324151062,21.664310822709933,21.971959899985272,0.5006286922902223,6.615195085447649,59.97238156878182,0.585448693455044,1.0,169.09320857378802,0.18821483576418352,50.0,182.3211165704848,0.20447801460220916,50.0,,,
90,sEEG-1023,0,RPI1,cortical,../fooof_fits_sEEG_2021101_r4_fir1_pw1/sEEG-1023-0-RPI1-fooof.json,7.608816873961473,0.3820623536513388,1.9707944636872197,50.88741733782112,0.17720832445310641,37.40293883980221,59.96551244360925,0.19765481617928238,33.0976017512851,69.53376685903041,0.17978474694372082,13.839056710509919,91.17697024382448,0.10622088872276336,33.547764676274724,,,
91,sEEG-1023,0,RPI2,cortical,../fooof_fits_sEEG_2021101_r4_fir1_pw1/sEEG-1023-0-RPI2-fooof.json,7.898831689508375,0.5885009315422884,2.3784647728249317,13.15678941750069,0.3046299194668922,2.6129547061037957,49.36923274653353,0.1812064356600711,19.851605014721468,57.3217154267586,0.34289022575527994,10.14690401949559,69.90335406833924,0.12132525198138921,18.457966594392317,,,
92,sEEG-1023,0,RPI3,cortical,../fooof_fits_sEEG_2021101_r4_fir1_pw1/sEEG-1023-0-RPI3-fooof.json,1.024,0.40422724205942195,1.5422996481267044,7.895801157684451,0.5240014134497688,2.1812067740796164,13.389602691868253,0.15814981296517772,2.778621992300237,57.72648984489352,0.3724832584973594,13.865765783227522,,,,,,
94,sEEG-1023,0,RPI16,cortical,../fooof_fits_sEEG_2021101_r4_fir1_pw1/sEEG-1023-0-RPI16-fooof.json,6.486768693185991,0.3524140449193034,1.5436196693905075,12.895523053703943,0.6511531055334281,4.677958583697771,21.199148255361276,0.2436043456176904,8.976033892101178,22.78919434757605,0.22283644055669427,14.97302939613337,192.11159611688538,0.11241239697385375,40.928364918500684,,,
95,sEEG-1023,0,RCM1,subcortical,../fooof_fits_sEEG_2021101_r4_fir1_pw1/sEEG-1023-0-RCM1-fooof.json,1.0412727868088125,0.32215078646726525,7.455675615056276,20.4064925766976,0.2565550047761782,7.12806490696484,60.016633019467434,0.8630000387477281,1.0,178.21200000000002,0.12592147120822972,50.0,190.92688342951521,0.13645511757565565,22.306886053490103,199.09805859437077,0.13308573812825486,10.096627879244984
96,sEEG-1023,0,RCM2,subcortical,../fooof_fits_sEEG_2021101_r4_fir1_pw1/sEEG-1023-0-RCM2-fooof.json,27.317824598765334,0.07820052158871249,23.943546998795494,58.404,0.1738264719999414,13.022526246591093,76.52784520791549,0.14934211178347212,50.0,122.33198104328149,0.096576584205609,45.24111822708658,,,,,,
97,sEEG-1023,0,RCM3,subcortical,../fooof_fits_sEEG_2021101_r4_fir1_pw1/sEEG-1023-0-RCM3-fooof.json,61.75208776559404,0.1276126662076411,27.06197715001276,73.60124537349988,0.14729731432050386,4.650751488560543,83.65910913501193,0.1799384315592878,16.71254931389838,90.60096757381454,0.16954282308529578,31.113034214148186,107.32982982223638,0.15457635379891776,28.73628510414011,,,
98,sEEG-1023,0,RCM4,subcortical,../fooof_fits_sEEG_2021101_r4_fir1_pw1/sEEG-1023-0-RCM4-fooof.json,22.96021823726823,0.43498176087870455,7.633994066803079,59.92669634203181,0.39784266709442484,1.0,179.89739287605792,0.18890777530819491,1.0,,,,,,,,,
99,sEEG-1023,0,RCM5,subcortical,../fooof_fits_sEEG_2021101_r4_fir1_pw1/sEEG-1023-0-RCM5-fooof.json,9.261668933314505,0.22342472272670122,8.572927330448472,19.162115737232135,0.7530371414691004,8.101905697913761,26.44425600361683,0.48437050001376747,7.809360008630071,139.8018361051542,0.20652155526224725,18.603249864602258,162.73190799669678,0.31481277693261234,50.0,,,
100,sEEG-1023,0,RCM6,subcortical,../fooof_fits_sEEG_2021101_r4_fir1_pw1/sEEG-1023-0-RCM6-fooof.json,20.97591883004696,0.7608772171213083,12.44749144712689,59.88628094546084,0.0790173610661764,1.0,126.79127187707273,0.11206174866537921,24.36247934650725,147.39122502840306,0.2109276479920279,24.27485584220691,190.69968305874394,0.3934212340682244,50.0,,,
101,sEEG-1023,0,LPI6,cortical,../fooof_fits_sEEG_2021101_r4_fir1_pw1/sEEG-1023-0-LPI6-fooof.json,9.869493088610888,0.4328709187010116,3.8125801858697193,15.631178546366986,0.3781811740712495,6.226603312492521,,,,,,,,,,,,
102,sEEG-1023,0,LPI7,cortical,../fooof_fits_sEEG_2021101_r4_fir1_pw1/sEEG-1023-0-LPI7-fooof.json,8.991258659557232,0.34751404255831453,3.4138637355886843,14.390498411593928,0.2624135213435199,6.435175208339166,,,,,,,,,,,,
103,sEEG-1023,0,LPI8,cortical,../fooof_fits_sEEG_2021101_r4_fir1_pw1/sEEG-1023-0-LPI8-fooof.json,63.54408858851805,0.11843905437592639,27.359970566757728,75.83503691534696,0.15995018258451132,12.62381504893722,93.40577942503025,0.12902765194433563,33.8550480539391,,,,,,,,,
104,sEEG-1023,0,LPI9,cortical,../fooof_fits_sEEG_2021101_r4_fir1_pw1/sEEG-1023-0-LPI9-fooof.json,14.315642210294081,0.15192227234357603,3.9651389677874445,74.68410237025057,0.10835550627462531,30.552922043354748,81.23633526171307,0.10025150759336299,19.66454695251983,,,,,,,,,
105,sEEG-1023,0,LPI10,cortical,../fooof_fits_sEEG_2021101_r4_fir1_pw1/sEEG-1023-0-LPI10-fooof.json,14.344369814312046,0.43374175550785665,3.6994846033869746,23.8171042507594,0.21975833883934115,9.281543653834,192.54101629211172,0.12542963273844698,37.4392658925536,,,,,,,,,
106,sEEG-1023,0,LPI11,cortical,../fooof_fits_sEEG_2021101_r4_fir1_pw1/sEEG-1023-0-LPI11-fooof.json,14.466091649016246,0.24465085008892018,3.630075354233152,57.30555752610886,0.04713956681474407,13.24333180296806,71.06976703408444,0.09494010604582392,34.55204486616985,81.88377153912137,0.11283309833073751,36.15027895413133,,,,,,
107,sEEG-1023,0,LPI12,cortical,../fooof_fits_sEEG_2021101_r4_fir1_pw1/sEEG-1023-0-LPI12-fooof.json,12.539927228206272,0.3540096579687706,8.913985308627945,23.896173327092754,0.18654951696298028,8.506918190571406,,,,,,,,,,,,
108,sEEG-1023,0,LPI13,cortical,../fooof_fits_sEEG_2021101_r4_fir1_pw1/sEEG-1023-0-LPI13-fooof.json,12.0289831504344,0.4676958532788422,8.340465322970525,,,,,,,,,,,,,,,
109,sEEG-1023,0,RPI10,cortical,../fooof_fits_sEEG_2021101_r4_fir1_pw1/sEEG-1023-0-RPI10-fooof.json,14.181890813938715,0.5773175817737304,6.791408035056705,18.92449905301849,0.39447531711687844,22.95745102894284,59.902854671087496,0.13201632900378257,1.0,164.30288342951522,0.20710762134122795,5.9954551973215215,191.4299545411639,0.3452470854478271,50.0,,,
110,sEEG-1023,0,RPI11,cortical,../fooof_fits_sEEG_2021101_r4_fir1_pw1/sEEG-1023-0-RPI11-fooof.json,9.434456859540845,0.25639297402828554,1.0,13.713993220641736,0.7317451174635821,3.6989566818803246,18.47724046412955,0.46812157224227136,16.59364380027535,28.14539275929316,0.25117433708422787,17.728230751259833,188.3318123054285,0.40277591723934414,50.0,,,
111,sEEG-1023,0,RPI12,cortical,../fooof_fits_sEEG_2021101_r4_fir1_pw1/sEEG-1023-0-RPI12-fooof.json,13.625828907298532,0.5586549488448966,3.9121762950639707,22.313014209323153,0.30588595179867717,12.71657124605064,167.71961235281967,0.20450125895106552,33.606441909424944,199.24556976318863,0.34670338555726943,29.80152333423962,,,,,,
112,sEEG-1023,0,RPI13,cortical,../fooof_fits_sEEG_2021101_r4_fir1_pw1/sEEG-1023-0-RPI13-fooof.json,5.699181997017095,0.22498717151777647,1.0,13.487499859243576,0.36184316321257803,2.6877883563381784,17.59032514427281,0.16178475116070068,4.166932198055509,24.55896959680311,0.20707443263576408,7.63432797077037,199.67992311456797,0.27337034587228537,50.0,,,
113,sEEG-1023,0,RPI14,cortical,../fooof_fits_sEEG_2021101_r4_fir1_pw1/sEEG-1023-0-RPI14-fooof.json,3.022883429515205,0.28264342042668567,4.724297921125027,13.71566886581454,0.24029783810575545,2.7540730668546436,24.08349175006167,0.15899576755581535,9.203596721373602,193.9152460469942,0.18968630084278892,40.97530675847085,,,,,,
114,sEEG-1023,0,RPI15,cortical,../fooof_fits_sEEG_2021101_r4_fir1_pw1/sEEG-1023-0-RPI15-fooof.json,3.022883429515205,0.3539452386307733,4.530155094360116,14.11240146590829,0.2721149556131106,3.1199297693110535,23.733195701340566,0.13327303832509507,8.917411941925725,177.10288342951523,0.08311849245408176,9.062007931358833,192.1613788614834,0.11418677993526849,37.66465804848143,,,
115,sEEG-1023,1,LPI1,cortical,../fooof_fits_sEEG_2021101_r4_fir1_pw1/sEEG-1023-1-LPI1-fooof.json,2.7423251442728085,0.381145214854941,5.554908171559885,8.753148341679214,0.2137879844751982,2.2984532830632833,11.546997383648437,0.16906945880400137,2.9157211023822494,29.32458860759168,0.18998757160194124,3.800205792204067,76.30058418156149,0.2260190629026546,46.3913722731897,,,
116,sEEG-1023,1,LPI2,cortical,../fooof_fits_sEEG_2021101_r4_fir1_pw1/sEEG-1023-1-LPI2-fooof.json,1.024,0.7246367679577226,5.106918755203278,10.190883429515207,0.3045901117821401,6.1507486717123765,79.31448499134488,0.34911799677195354,48.01685199054446,,,,,,,,,
117,sEEG-1023,1,LPI3,cortical,../fooof_fits_sEEG_2021101_r4_fir1_pw1/sEEG-1023-1-LPI3-fooof.json,8.203376846849508,0.2086424533367257,2.3522991601978114,66.02639473521519,0.28375284125987577,36.87094891175367,193.6937327385008,0.11602523799549047,23.804135734391025,,,,,,,,,
118,sEEG-1023,1,LPI14,cortical,../fooof_fits_sEEG_2021101_r4_fir1_pw1/sEEG-1023-1-LPI14-fooof.json,13.574075876164196,0.5406269855955728,13.302446656806636,59.94502428510403,0.13305136071507917,1.0,179.95941542651508,0.46063611033842733,1.0,189.9028834295152,0.16041920987396452,50.0,199.68,0.17221345208457528,34.5506562801936,,,
119,sEEG-1023,1,LCM1,subcortical,../fooof_fits_sEEG_2021101_r4_fir1_pw1/sEEG-1023-1-LCM1-fooof.json,6.577924294057787,0.21810028107184465,4.441220753712915,19.744920153581365,0.8956072700274724,8.602455904883634,21.112308195493416,0.9104366531043055,12.558232905760844,138.8011165704848,0.2316086423219872,19.767274448556538,148.44400000000002,0.24968394926109916,50.0,,,
120,sEEG-1023,1,LCM2,subcortical,../fooof_fits_sEEG_2021101_r4_fir1_pw1/sEEG-1023-1-LCM2-fooof.json,20.29503804997522,0.31627231494788255,11.055827507694547,24.679784618387856,0.46064417903054533,9.669700407278265,169.97216402579593,0.09657928966693596,50.0,184.10290452535398,0.13521132660280344,13.596892531806256,196.53506912737566,0.14027856168189423,15.158614715568973,,,
121,sEEG-1023,1,LCM3,subcortical,../fooof_fits_sEEG_2021101_r4_fir1_pw1/sEEG-1023-1-LCM3-fooof.json,14.469208573788015,0.05661848022465499,34.90541980233341,24.769260662346184,0.40458340164459017,7.985222519006141,185.44513167403363,0.15855555764706253,50.0,,,,,,,,,
122,sEEG-1023,1,LCM4,subcortical,../fooof_fits_sEEG_2021101_r4_fir1_pw1/sEEG-1023-1-LCM4-fooof.json,9.792115068801115,0.18466559499242408,2.06996494802082,17.556213931858938,0.426562979111182,3.8574482949406934,22.791575582595343,0.5061257490196187,9.082420391069348,58.404,1.0295084518219255e-06,1.0,181.30334549783595,0.18342448244969134,50.0,,,
123,sEEG-1023,1,LCM5,subcortical,../fooof_fits_sEEG_2021101_r4_fir1_pw1/sEEG-1023-1-LCM5-fooof.json,7.286584673265566,0.1697085581244302,11.604285051167716,20.911423443891067,0.42955799177439147,7.018608257511678,22.543354604510082,0.46132144755327786,7.434393671768787,59.99811651060424,0.45545619294884787,1.0,179.3724838324341,0.20910256885610679,50.0,,,
125,sEEG-1023,1,RPI1,cortical,../fooof_fits_sEEG_2021101_r4_fir1_pw1/sEEG-1023-1-RPI1-fooof.json,7.493646834864076,0.3882713759432068,2.161288206887589,63.06261644249109,0.2263645186875074,45.72442564258964,85.90528732936083,0.13675048730173422,22.862375829612244,,,,,,,,,
126,sEEG-1023,1,RPI2,cortical,../fooof_fits_sEEG_2021101_r4_fir1_pw1/sEEG-1023-1-RPI2-fooof.json,7.841143028454909,0.5355889050599352,2.36997091476593,13.32383331338122,0.23377391198094344,2.4455071549680585,55.94268697243832,0.3371634069069387,16.245283461655983,76.17991360137418,0.09774330283796395,16.136014208962614,,,,,,
127,sEEG-1023,1,RPI3,cortical,../fooof_fits_sEEG_2021101_r4_fir1_pw1/sEEG-1023-1-RPI3-fooof.json,7.744581089470264,0.4894489479321571,2.1628047631173835,57.566485676710975,0.3830719998527048,14.713213608111637,194.25638668245017,0.33630159013826244,50.0,,,,,,,,,
129,sEEG-1023,1,RPI16,cortical,../fooof_fits_sEEG_2021101_r4_fir1_pw1/sEEG-1023-1-RPI16-fooof.json,6.412941156845791,0.15965843224707577,1.0607708602832584,13.10254739504853,0.5741663586616337,4.330849143298087,15.38356156932,0.45611092159741595,3.558654076831249,17.96711326158712,0.23722255625306765,3.6139500189674685,22.95883569500884,0.15025496530593507,5.436938467611014,,,
130,sEEG-1023,1,RCM1,subcortical,../fooof_fits_sEEG_2021101_r4_fir1_pw1/sEEG-1023-1-RCM1-fooof.json,2.2381995444395364,0.3659995483046288,4.471449216744222,21.252509799076122,0.2588184016963204,7.099649360536048,60.04133901784285,0.8080240130391445,1.0,181.21200000000002,0.11471387969288394,50.0,,,,,,
131,sEEG-1023,1,RCM2,subcortical,../fooof_fits_sEEG_2021101_r4_fir1_pw1/sEEG-1023-1-RCM2-fooof.json,60.613076883217964,0.14592533659469353,50.0,73.40164331328714,0.15037475287788737,50.0,97.18778607287673,0.13526970507224867,34.231994632050366,126.94020130622556,0.08588323390651809,33.090338710006954,178.724,0.0004935759430111375,1.0,,,
132,sEEG-1023,1,RCM3,subcortical,../fooof_fits_sEEG_2021101_r4_fir1_pw1/sEEG-1023-1-RCM3-fooof.json,1.958531676011443,0.6442168324992501,3.8888676696259514,56.82534363059367,0.12115691483721314,34.393632934705124,79.98860537550182,0.15009661554891096,33.377164622887236,100.38128640199339,0.1337686898149073,48.92211046831934,116.5536748557272,0.11093038259637567,44.43466001350847,,,
133,sEEG-1023,1,RCM4,subcortical,../fooof_fits_sEEG_2021101_r4_fir1_pw1/sEEG-1023-1-RCM4-fooof.json,17.225472999919297,0.20298583122951008,2.3755760104843393,20.566937458363462,0.40433387480903527,4.604488408427287,25.070061860702378,0.3997662012338097,7.153313537513596,59.99188666212023,0.3823575297005828,1.0,180.0439326210034,0.2142139298010779,1.0,,,
134,sEEG-1023,1,RCM5,subcortical,../fooof_fits_sEEG_2021101_r4_fir1_pw1/sEEG-1023-1-RCM5-fooof.json,1.7183251442728076,0.11343362055825423,15.493655429143491,21.02707990555973,0.7358384784374756,11.431672851711442,28.692524951502705,0.29904175699238955,11.76306080833007,137.81261567582058,0.1612598645437302,33.9867351768652,189.06994765463756,0.34905290833866687,50.0,,,
135,sEEG-1023,1,RCM6,subcortical,../fooof_fits_sEEG_2021101_r4_fir1_pw1/sEEG-1023-1-RCM6-fooof.json,20.94011895594393,0.7249551812829562,11.377433368889017,28.626553741553042,0.32326086523985076,19.587386994107344,59.95444009196383,0.09752888875168075,1.0,147.21571377786802,0.22511446665754065,46.80655610166846,171.94790799669678,0.3637570509027199,50.0,,,
136,sEEG-1023,1,LPI6,cortical,../fooof_fits_sEEG_2021101_r4_fir1_pw1/sEEG-1023-1-LPI6-fooof.json,9.271016897065472,0.5114348174066006,3.4703608389417058,14.930041205199752,0.39814456951074995,6.959461658683624,179.8794349337922,0.19875026112378436,1.0,,,,,,,,,
137,sEEG-1023,1,LPI7,cortical,../fooof_fits_sEEG_2021101_r4_fir1_pw1/sEEG-1023-1-LPI7-fooof.json,8.769333486269108,0.45648884134327616,3.5341480747375846,13.756431085949892,0.3013028591716367,7.088247057490997,179.84633944108768,0.1786968507715283,1.0014949074029196,,,,,,,,,
138,sEEG-1023,1,LPI8,cortical,../fooof_fits_sEEG_2021101_r4_fir1_pw1/sEEG-1023-1-LPI8-fooof.json,79.6140887205004,0.14665497231261249,47.06937817364537,,,,,,,,,,,,,,,
139,sEEG-1023,1,LPI9,cortical,../fooof_fits_sEEG_2021101_r4_fir1_pw1/sEEG-1023-1-LPI9-fooof.json,14.873025829838618,0.15128601655075613,5.164742339254,177.47726166004475,0.08624565868830025,28.035423754608303,189.5289732571178,0.11789697150259926,18.485977271099877,196.2319188372646,0.13626159493801637,9.227962726072235,199.1545360416064,0.1691988884356288,2.4575398642379875,,,
140,sEEG-1023,1,LPI10,cortical,../fooof_fits_sEEG_2021101_r4_fir1_pw1/sEEG-1023-1-LPI10-fooof.json,12.834975432818425,0.27970040642168215,42.964279747357246,14.475010523321366,0.4389064023905913,2.920709714294651,193.94756414480926,0.11580537319023954,40.00559580380701,,,,,,,,,
141,sEEG-1023,1,LPI11,cortical,../fooof_fits_sEEG_2021101_r4_fir1_pw1/sEEG-1023-1-LPI11-fooof.json,14.287942269014945,0.28633757904804114,2.9268264633100523,60.75651256933328,0.09760303467674447,7.541457347893969,67.37794893795908,0.11965391095902511,21.15990548048353,81.46571565476309,0.14590654348224774,33.6589786830746,179.96788891396216,0.21105388524714463,1.0,,,
142,sEEG-1023,1,LPI12,cortical,../fooof_fits_sEEG_2021101_r4_fir1_pw1/sEEG-1023-1-LPI12-fooof.json,12.984483036679004,0.38567647144367356,8.569730077378326,23.535756561052956,0.13434978974312095,6.772879009668869,81.91433093612439,0.10605848315740829,29.471716989725188,102.364,0.08154099533968484,39.75571925942885,,,,,,
143,sEEG-1023,1,LPI13,cortical,../fooof_fits_sEEG_2021101_r4_fir1_pw1/sEEG-1023-1-LPI13-fooof.json,11.909821504540753,0.5234042816551039,8.633705255759027,,,,,,,,,,,,,,,
144,sEEG-1023,1,RPI10,cortical,../fooof_fits_sEEG_2021101_r4_fir1_pw1/sEEG-1023-1-RPI10-fooof.json,7.775143304707914,0.20591379919143904,4.442023160754427,8.458342381307357,0.26651381137964947,2.507527246453182,14.90550450371731,0.49723469898308714,6.314024401434964,24.49746226344941,0.16817212138296256,21.030078569484008,,,,,,
145,sEEG-1023,1,RPI11,cortical,../fooof_fits_sEEG_2021101_r4_fir1_pw1/sEEG-1023-1-RPI11-fooof.json,7.340100714944298,0.11443951475730785,1.0,14.390008575521692,0.616889173081427,4.892747529151144,20.81647427575159,0.33893445363902863,15.854008934476559,30.05430748662074,0.16308795918801877,10.727416063811264,,,,,,
146,sEEG-1023,1,RPI12,cortical,../fooof_fits_sEEG_2021101_r4_fir1_pw1/sEEG-1023-1-RPI12-fooof.json,13.958579894585663,0.5034037657980761,3.9377587347287473,22.299750689238756,0.26277467942438015,11.444995914040346,,,,,,,,,,,,
147,sEEG-1023,1,RPI13,cortical,../fooof_fits_sEEG_2021101_r4_fir1_pw1/sEEG-1023-1-RPI13-fooof.json,14.209130327446738,0.2891949427343157,3.167489941856041,22.399953040096484,0.1721323505604868,10.05574658163372,,,,,,,,,,,,
148,sEEG-1023,1,RPI14,cortical,../fooof_fits_sEEG_2021101_r4_fir1_pw1/sEEG-1023-1-RPI14-fooof.json,9.629766859030411,0.09679382998079866,50.0,182.236,0.15168063959360012,33.285073898942066,,,,,,,,,,,,
149,sEEG-1023,1,RPI15,cortical,../fooof_fits_sEEG_2021101_r4_fir1_pw1/sEEG-1023-1-RPI15-fooof.json,9.11776685903041,0.10921538335906611,50.0,182.917208573788,0.09832265682191554,1.0,196.1929854618271,0.13584244543142354,45.54514797104265,198.6957210077865,0.13665451869616163,20.75780226064045,,,,,,
150,sEEG-1029,0,RPS1,cortical,../fooof_fits_sEEG_2021101_r4_fir1_pw1/sEEG-1029-0-RPS1-fooof.json,2.230325144272808,0.4104226812563745,7.414990450636233,80.48561564040828,0.14619086038988982,21.77792060210943,83.83499405414817,0.1518431274407792,11.810139255473642,89.38554920932647,0.11549315851038955,16.9512781940848,128.04911657048478,0.11101193659861863,37.87427304024105,,,
151,sEEG-1029,0,RPS2,cortical,../fooof_fits_sEEG_2021101_r4_fir1_pw1/sEEG-1029-0-RPS2-fooof.json,56.69782557714925,0.11551542462089337,50.0,76.79959593024141,0.15071881363862794,25.39027060912211,,,,,,,,,,,,
152,sEEG-1029,0,RPS3,cortical,../fooof_fits_sEEG_2021101_r4_fir1_pw1/sEEG-1029-0-RPS3-fooof.json,4.046883429515206,0.3325736736336289,6.853500593377053,32.990719309036415,0.18577731602207415,5.859255952732955,54.88223314096959,0.12345246519845432,38.407088410716696,,,,,,,,,
153,sEEG-1029,0,RPS4,cortical,../fooof_fits_sEEG_2021101_r4_fir1_pw1/sEEG-1029-0-RPS4-fooof.json,4.880324877267984,0.5952161951732613,6.443331249835166,26.037657818695457,0.5580519146950049,4.838176521593949,33.86187405332823,0.2714983750091786,10.288257808549991,,,,,,,,,
154,sEEG-1029,0,RPS9,cortical,../fooof_fits_sEEG_2021101_r4_fir1_pw1/sEEG-1029-0-RPS9-fooof.json,1.024,0.591618498677505,1.7890355031604785,5.663960794086637,0.38894580810928403,4.331671202969065,33.90654653938104,0.6008283474506246,7.876662699731431,,,,,,,,,
155,sEEG-1029,0,RPS12,cortical,../fooof_fits_sEEG_2021101_r4_fir1_pw1/sEEG-1029-0-RPS12-fooof.json,2.230325144272808,0.5179074664340639,5.709129339864932,6.91215587296734,0.49877187912500354,2.478779210973127,31.560174785955436,0.5279705601040021,6.92399477727909,51.996514914503905,0.17093028223264106,11.364608488275698,,,,,,
156,sEEG-1029,0,RCM1,subcortical,../fooof_fits_sEEG_2021101_r4_fir1_pw1/sEEG-1029-0-RCM1-fooof.json,9.78740424537521,0.39293893119003087,9.731970439852384,21.15034796865048,0.17750170281105326,13.033578609377884,32.04659128160624,0.5162186885326161,6.3308692082274645,,,,,,,,,
157,sEEG-1029,0,RCM2,subcortical,../fooof_fits_sEEG_2021101_r4_fir1_pw1/sEEG-1029-0-RCM2-fooof.json,1.024,0.47054885309076333,12.631476231654373,31.145289190375486,0.27795138727739577,5.429590110773315,184.92212444969837,0.21886723301322775,50.0,,,,,,,,,
158,sEEG-1029,0,RCM3,subcortical,../fooof_fits_sEEG_2021101_r4_fir1_pw1/sEEG-1029-0-RCM3-fooof.json,32.900035332755614,0.5878148642929819,8.02113377166617,185.43530694219052,0.17482256496875515,50.0,194.51561528615224,0.1903392334888423,1.0,198.18626462818136,0.22685990814268564,4.553396780729779,198.48673649160156,0.22547086214470902,5.582580691436545,,,
159,sEEG-1029,0,RCM4,subcortical,../fooof_fits_sEEG_2021101_r4_fir1_pw1/sEEG-1029-0-RCM4-fooof.json,23.666808768879847,0.18011090898112236,9.415140070690283,34.12133781740921,0.8552833751410684,8.338551168262935,,,,,,,,,,,,
169,sEEG-1029,0,LP1,subcortical,../fooof_fits_sEEG_2021101_r4_fir1_pw1/sEEG-1029-0-LP1-fooof.json,2.7148885820081405,0.6100341438902959,1.0111023237388526,5.133173191192643,0.146851670340574,3.606067510060793,10.762483019968597,0.10135171992945047,9.330781502524847,75.3,0.08138157855795214,26.99980161761952,199.68,0.12245795284787597,39.37013421726217,,,
170,sEEG-1029,0,LP2,cortical,../fooof_fits_sEEG_2021101_r4_fir1_pw1/sEEG-1029-0-LP2-fooof.json,1.6468526379951052,0.28962197728221284,2.2896752166394214,50.212,0.09720840293770827,39.61333715235633,83.05452903729466,0.10601529180743441,24.961438096905834,84.5291165704848,0.10251614866350067,5.1030192957850105,,,,,,
171,sEEG-1029,0,LP3,cortical,../fooof_fits_sEEG_2021101_r4_fir1_pw1/sEEG-1029-0-LP3-fooof.json,5.879366564266227,0.3339486818182795,2.041450086800149,19.573347569774107,0.16554545358965456,21.91097635455027,168.9290177535641,0.11107004721893077,29.59502972314389,178.3879511213781,0.17158748365072185,5.8568456294322155,184.49601096749208,0.19900285649554483,3.5225756697124293,198.73892421692642,0.25618722388874104,17.756971115686753
172,sEEG-1029,0,LP4,cortical,../fooof_fits_sEEG_2021101_r4_fir1_pw1/sEEG-1029-0-LP4-fooof.json,1.6946949552029318,0.5564972743961771,1.488888374598288,8.15506254817854,0.15652432810761674,2.40483435779357,9.40732393541468,0.13877344994829421,1.558487784047684,20.709621220867604,0.18694541469910497,11.174498860604942,34.343044064487756,0.16568470914805644,15.934909675232413,198.15586231967586,0.1437003034936435,50.0
173,sEEG-1029,0,LP5,cortical,../fooof_fits_sEEG_2021101_r4_fir1_pw1/sEEG-1029-0-LP5-fooof.json,2.088544853747413,0.23949378382152986,1.4912151203937174,16.57937758798594,0.17910597640371861,2.7829022841828315,22.990883429515208,0.1189970294171161,9.97442207031506,30.257116570484794,0.12753748926617092,17.996062529291905,,,,,,
174,sEEG-1029,0,LP6,cortical,../fooof_fits_sEEG_2021101_r4_fir1_pw1/sEEG-1029-0-LP6-fooof.json,2.1109216370318884,0.32304724798341944,1.0595345041855715,34.21990799669678,0.08943696962789183,50.0,,,,,,,,,,,,
175,sEEG-1029,0,LP7,cortical,../fooof_fits_sEEG_2021101_r4_fir1_pw1/sEEG-1029-0-LP7-fooof.json,7.204000000000001,0.33705453913261785,1.7396999419593564,9.112358202627858,0.2169990338679444,1.70014729565499,17.48843078040919,0.16310268496665792,4.668185417547166,20.302138647510844,0.24940207739275166,10.581860232910572,26.1462532842414,0.30266814400610365,12.23269164988724,191.0729265802347,0.18387014191947237,50.0
176,sEEG-1029,0,LP8,cortical,../fooof_fits_sEEG_2021101_r4_fir1_pw1/sEEG-1029-0-LP8-fooof.json,7.365583960917677,0.2226858100243394,2.204113784035896,23.901098207495103,0.1510134950826867,13.43344340468412,,,,,,,,,,,,
177,sEEG-1029,0,LP9,cortical,../fooof_fits_sEEG_2021101_r4_fir1_pw1/sEEG-1029-0-LP9-fooof.json,,,,,,,,,,,,,,,,,,
178,sEEG-1029,0,LP10,cortical,../fooof_fits_sEEG_2021101_r4_fir1_pw1/sEEG-1029-0-LP10-fooof.json,,,,,,,,,,,,,,,,,,
179,sEEG-1029,0,LP11,cortical,../fooof_fits_sEEG_2021101_r4_fir1_pw1/sEEG-1029-0-LP11-fooof.json,,,,,,,,,,,,,,,,,,
180,sEEG-1029,0,LP12,cortical,../fooof_fits_sEEG_2021101_r4_fir1_pw1/sEEG-1029-0-LP12-fooof.json,26.582363074951523,0.24554732196216733,5.297240871838605,34.532937622688856,0.1387492661575056,7.3749544584057825,46.36420446261172,0.117822189340135,14.491084428686214,,,,,,,,,
181,sEEG-1029,0,LP13,cortical,../fooof_fits_sEEG_2021101_r4_fir1_pw1/sEEG-1029-0-LP13-fooof.json,26.37074612667919,0.3143712632386144,4.887952408171605,42.481191616146994,0.12880756842747942,17.34220736494176,193.15970094918194,0.07047813399875125,42.270347464519304,,,,,,,,,
182,sEEG-1029,0,LP14,cortical,../fooof_fits_sEEG_2021101_r4_fir1_pw1/sEEG-1029-0-LP14-fooof.json,51.19789950226666,0.121215768806481,26.070734306836744,,,,,,,,,,,,,,,
183,sEEG-1029,0,LP15,cortical,../fooof_fits_sEEG_2021101_r4_fir1_pw1/sEEG-1029-0-LP15-fooof.json,28.461026868698976,0.2043720382047347,24.66889926452436,165.2777668590304,0.1496011917963962,50.0,167.388,0.15734675644652008,9.577295517258603,176.19507523291236,0.15843708203709994,20.275297912891833,182.64835477155174,0.150742702318853,29.62090942982552,198.21287630090703,0.14173044841956361,19.11709858621306
185,sEEG-1029,0,LCM2,subcortical,../fooof_fits_sEEG_2021101_r4_fir1_pw1/sEEG-1029-0-LCM2-fooof.json,1.4377668590304111,1.5220189446132864,2.774237810347365,29.72299817634006,0.21896234136936776,6.553127618909239,179.42978251127118,0.23048389335270514,50.0,,,,,,,,,
186,sEEG-1029,0,LCM3,subcortical,../fooof_fits_sEEG_2021101_r4_fir1_pw1/sEEG-1029-0-LCM3-fooof.json,1.7183251442728076,1.5324663858212233,2.3417661367255582,24.028,0.354029546379504,3.3704863792552806,28.685057028979926,0.6512207607002605,6.3766577759694645,34.50793859190838,0.3121291332708793,8.890446744222434,186.58201493755976,0.17042925241113238,50.0,,,
187,sEEG-1029,0,LCM4,subcortical,../fooof_fits_sEEG_2021101_r4_fir1_pw1/sEEG-1029-0-LCM4-fooof.json,3.254325144272808,0.5072591296498921,6.9834430069817985,28.827176376578905,0.6116113977171196,7.736900582090472,187.2937668590304,0.1627665536916929,50.0,196.1685718281164,0.20393056126964204,1.1508463396202115,199.68,0.17973424372362956,6.8010534832819936,,,
188,sEEG-1029,0,LCM5,subcortical,../fooof_fits_sEEG_2021101_r4_fir1_pw1/sEEG-1029-0-LCM5-fooof.json,1.024,1.1501630205860618,6.646933629633662,159.08465028854562,0.12200352772215517,27.978213275384434,184.7478027856146,0.162553454070272,50.0,,,,,,,,,
189,sEEG-1029,0,LCM6,subcortical,../fooof_fits_sEEG_2021101_r4_fir1_pw1/sEEG-1029-0-LCM6-fooof.json,1.024,1.0799839630488428,3.968380653161963,29.987901026783355,0.13811142011184963,7.567885688631266,160.732,0.1411531707950182,50.0,,,,,,,,,
198,sEEG-1029,0,RPS7,cortical,../fooof_fits_sEEG_2021101_r4_fir1_pw1/sEEG-1029-0-RPS7-fooof.json,1.024,0.4747438427471984,1.7354969791438613,5.639413095699103,0.28731841935160674,3.9059965168054394,34.36420838951064,0.891205849712799,8.213979974178553,51.25290770263672,0.11447410068118202,11.313562066632475,,,,,,
199,sEEG-1029,0,RPS8,cortical,../fooof_fits_sEEG_2021101_r4_fir1_pw1/sEEG-1029-0-RPS8-fooof.json,3.985655144187456,0.22544961206145153,6.1565464822502625,32.410732658168186,0.8312746164951825,11.799413518455296,,,,,,,,,,,,
200,sEEG-1029,0,RPS11,cortical,../fooof_fits_sEEG_2021101_r4_fir1_pw1/sEEG-1029-0-RPS11-fooof.json,1.4406789212887994,0.5093421324825247,8.776450590620321,31.540133744520105,0.3560057553510614,8.624418848251882,,,,,,,,,,,,
201,sEEG-1035,0,RCM4,subcortical,../fooof_fits_sEEG_2021101_r4_fir1_pw1/sEEG-1035-0-RCM4-fooof.json,5.050023135256322,0.9691333310113279,4.762263170637233,8.639992649651619,0.652381281319915,7.837017473002145,12.7750498011506,0.5024992617513035,4.347560775012183,16.557774780193242,0.31940220858710155,8.955311594240527,18.722695910834528,0.21855084026808314,27.561209723528773,177.92853845324433,0.33189854386519535,50.0
202,sEEG-1035,0,RCM16,cortical,../fooof_fits_sEEG_2021101_r4_fir1_pw1/sEEG-1035-0-RCM16-fooof.json,6.448634241526058,0.8115216395383982,2.733070467351975,11.699295925240628,0.6552280618431041,8.623867034290695,17.719304945417033,0.5272943641651562,2.582993426956938,21.360840686416168,0.3780925006148266,3.714302167776994,25.7626940190304,0.20039410503144595,6.550459194889306,,,
203,sEEG-1035,0,LCM2,subcortical,../fooof_fits_sEEG_2021101_r4_fir1_pw1/sEEG-1035-0-LCM2-fooof.json,3.0911701753506398,1.1383039778430604,1.9175681778285467,8.605630474850908,0.8349245429414136,8.58248796480779,20.575291811826574,0.2633408718385457,10.750266187125261,31.379349711454385,0.2212385118520963,2.6497603033645105,35.377116570484795,0.007897998411499074,14.871921425061291,177.43998083042703,0.4221531551298199,50.0
204,sEEG-1035,0,LCM3,subcortical,../fooof_fits_sEEG_2021101_r4_fir1_pw1/sEEG-1035-0-LCM3-fooof.json,3.01207698638914,1.3799307691184648,5.4457588928848795,9.910325144272807,0.7622302502655174,9.389091189906557,32.319451654810194,0.7143001683636605,2.2098369449916313,143.4582331409696,0.17680460778984042,50.0,,,,,,
205,sEEG-1035,0,LCM4,subcortical,../fooof_fits_sEEG_2021101_r4_fir1_pw1/sEEG-1035-0-LCM4-fooof.json,2.616320374638994,1.1010799265295255,2.637173073201946,5.3072773039432395,0.7509191374882729,10.402203204042808,13.247013635258305,0.20349475757919677,7.694204101819396,157.732,0.08580815469880854,10.187789235065768,168.40849212910317,0.09660960332592339,24.228454247700466,193.62815139352733,0.1317591581872133,37.37594732238203
206,sEEG-1035,0,LCM5,subcortical,../fooof_fits_sEEG_2021101_r4_fir1_pw1/sEEG-1035-0-LCM5-fooof.json,1.0899898017453116,1.6136471462072937,17.769130954620394,195.6849543330631,0.2837876842423839,43.32041722338962,,,,,,,,,,,,
207,sEEG-1035,0,LCM6,subcortical,../fooof_fits_sEEG_2021101_r4_fir1_pw1/sEEG-1035-0-LCM6-fooof.json,5.565792452015047,1.2179864360943107,15.072022148661897,73.5902016138349,0.11202033091911545,8.329256396758487,81.12298800501202,0.10886873155153154,6.546703930070195,,,,,,,,,
210,sEEG-1035,0,LCM16,cortical,../fooof_fits_sEEG_2021101_r4_fir1_pw1/sEEG-1035-0-LCM16-fooof.json,5.241533108266141,0.37242783114250244,1.2452910229573395,13.225409878902285,0.2613688362743183,14.105809719611143,16.9341881920353,0.28904808204435817,13.13462026126325,72.4941398307473,0.17847510636766728,25.814060340999326,192.98389344859046,0.1283071392840327,37.73890327092164,,,
211,sEEG-1035,0,RCM2,subcortical,../fooof_fits_sEEG_2021101_r4_fir1_pw1/sEEG-1035-0-RCM2-fooof.json,5.403193548004866,0.9385888286033026,5.049592876569378,12.553367040238502,0.6143248635647769,11.680931731961875,14.488285583355594,0.5868572841873423,23.81290363596073,25.366383759593965,0.3185264173927145,18.361629466346116,28.405157030576113,0.321251949020839,11.254577887676414,179.28726199704147,0.3701385722397639,50.0
212,sEEG-1035,0,RCM3,subcortical,../fooof_fits_sEEG_2021101_r4_fir1_pw1/sEEG-1035-0-RCM3-fooof.json,3.2941517308603854,1.0723032199993714,1.9598490736521608,6.2585671933598315,0.7384585677947495,4.135600031073286,11.23849720411068,0.4588385257260921,7.377973051207971,23.13823314096959,0.13489484925653272,15.692039344245455,,,,,,
213,sEEG-1035,0,RCM13,subcortical,../fooof_fits_sEEG_2021101_r4_fir1_pw1/sEEG-1035-0-RCM13-fooof.json,3.3959857851665984,0.8966940957966365,2.168127741935786,7.281272956578396,0.8406834342534175,5.783152223500543,14.00632514427281,0.40867672965585733,7.891853178837273,21.791226635790622,0.23864582222616804,5.865996950592387,25.64391784805002,0.16567902722504968,8.570702744557286,148.4593884234371,0.4675517441098318,41.78705989599156
214,sEEG-1035,0,RCM14,cortical,../fooof_fits_sEEG_2021101_r4_fir1_pw1/sEEG-1035-0-RCM14-fooof.json,3.6506148842823793,0.7645473047967108,2.2781002465742946,8.03504090668276,0.7939589431620107,9.340722957476306,151.31786627367623,0.4060205693557588,39.14830737991842,,,,,,,,,
215,sEEG-1035,0,RCM15,cortical,../fooof_fits_sEEG_2021101_r4_fir1_pw1/sEEG-1035-0-RCM15-fooof.json,14.06149301381,0.6535926185551855,17.045100791802295,151.55094731361208,0.29563663338102764,40.56150565018455,189.0300885666853,0.1434934020622478,18.995012435647805,,,,,,,,,
216,sEEG-1035,0,LCM13,cortical,../fooof_fits_sEEG_2021101_r4_fir1_pw1/sEEG-1035-0-LCM13-fooof.json,74.82992972487742,0.26905428974658463,46.246204396816644,101.63674592008849,0.13567528075144786,12.27263821494378,,,,,,,,,,,,
217,sEEG-1035,0,LCM14,cortical,../fooof_fits_sEEG_2021101_r4_fir1_pw1/sEEG-1035-0-LCM14-fooof.json,2.9262407057066695,0.2917358508447272,1.5784704156565716,5.0909729967844,0.28206234711068845,1.6312127935445409,61.87049768100345,0.34529978096283465,34.62891251245292,87.98531794295447,0.27508328902712265,49.78457584179592,114.14,0.1263021279548031,14.170654551349886,,,
218,sEEG-1035,0,LCM15,cortical,../fooof_fits_sEEG_2021101_r4_fir1_pw1/sEEG-1035-0-LCM15-fooof.json,64.98148574085305,0.36168275715678533,32.50548132493549,96.7416002989284,0.18428060106122324,38.795365029355594,,,,,,,,,,,,
0,sEEG-1061,0,RFIa1,subcortical,../fooof_fits_sEEG_2021101_r4_fir1_pw1/sEEG-1061-0-RFIa1-fooof.json,2.004012495194131,0.21646655991921548,1.530542261061359,5.701056864356435,0.36591390261190426,2.339925163423697,12.268677691744145,0.5506382601717625,6.113583140703406,20.567532779035343,0.3144413168823412,5.998059656507854,27.68066369939593,0.2958611258714292,6.305992225871752,,,
1,sEEG-1061,0,RFIa2,subcortical,../fooof_fits_sEEG_2021101_r4_fir1_pw1/sEEG-1061-0-RFIa2-fooof.json,13.178746543890014,0.42490390513546217,4.048704578420804,25.01230998398374,0.2262560759719907,7.422585726303556,32.963926832393796,0.2768673305205045,1.924389986241719,64.72189437267762,0.30993667397816793,13.467807178505433,,,,,,
2,sEEG-1061,0,RFIa3,subcortical,../fooof_fits_sEEG_2021101_r4_fir1_pw1/sEEG-1061-0-RFIa3-fooof.json,36.15553371806082,0.1019119133373021,50.0,50.772093792044316,0.322387155962641,13.280575730969627,61.075349711454386,0.5201826835466061,10.601339482091548,69.28568231556184,0.6095679920031873,8.337158757928128,,,,,,
3,sEEG-1061,0,RFIa4,subcortical,../fooof_fits_sEEG_2021101_r4_fir1_pw1/sEEG-1061-0-RFIa4-fooof.json,14.21661758846018,0.18793179987470943,1.7343935118982376,44.146558857986065,0.1494666443850612,26.862865215830514,54.70436032136907,0.2114830752145611,16.822850940870083,68.09243419988573,0.34910670372123676,10.467692213686417,,,,,,
4,sEEG-1061,0,RFIa6,subcortical,../fooof_fits_sEEG_2021101_r4_fir1_pw1/sEEG-1061-0-RFIa6-fooof.json,1.0246712393955686,0.07933013796139043,9.424534400860185,4.233301355477257,0.3473566442454228,3.731440790152665,32.6650856061762,0.4020382180867976,2.2640766593958266,44.987748181127245,0.4122049675263515,7.718322728421175,60.015959337964944,0.6116463892118684,1.0,181.724,0.15117494946635723,50.0
5,sEEG-1061,0,RFIa7,subcortical,../fooof_fits_sEEG_2021101_r4_fir1_pw1/sEEG-1061-0-RFIa7-fooof.json,2.5271057554796315,0.21902894479493895,2.30162007957875,13.0290604034692,0.2377387469849399,4.0597763113959235,59.97080981541621,0.44281591527227704,1.0,180.05991929285815,0.11803388512952573,1.0,,,,,,
6,sEEG-1061,0,RFIa8,subcortical,../fooof_fits_sEEG_2021101_r4_fir1_pw1/sEEG-1061-0-RFIa8-fooof.json,10.312413991155816,0.16353594426681717,1.4690049433416945,13.200167414501943,0.22539324435922659,4.2644515707677435,60.00999254095928,0.6997874232208119,1.0,180.0224734016055,0.30144413903720846,1.0,,,,,,
7,sEEG-1061,0,RFM11,cortical,../fooof_fits_sEEG_2021101_r4_fir1_pw1/sEEG-1061-0-RFM11-fooof.json,3.022883429515205,0.9559829213454254,4.849908766740247,91.99672808594516,0.41196959313808,50.0,,,,,,,,,,,,
8,sEEG-1061,0,LFIa1,subcortical,../fooof_fits_sEEG_2021101_r4_fir1_pw1/sEEG-1061-0-LFIa1-fooof.json,6.099525537798488,0.31079400397116075,2.2075837199262347,12.203877059459915,0.6083207048713515,4.29699488843301,18.705934889972834,0.40850647576530186,16.053673767161108,60.00457722457016,0.22930426489081235,1.0,,,,,,
9,sEEG-1061,0,LFIa2,subcortical,../fooof_fits_sEEG_2021101_r4_fir1_pw1/sEEG-1061-0-LFIa2-fooof.json,2.630895460357899,0.22470357491787674,1.8740589147081799,7.77311318745626,0.3733842744963578,3.907919042631424,13.47104853261733,0.5849007267958495,3.5874294174367876,20.42024701899037,0.4561652398944993,8.938252766481028,32.77130892434178,0.17698603985325434,1.5064996723708275,,,
10,sEEG-1061,0,LFIa3,subcortical,../fooof_fits_sEEG_2021101_r4_fir1_pw1/sEEG-1061-0-LFIa3-fooof.json,2.739388929106879,0.153460671722236,10.186844913704336,7.067204962784952,0.27995467653804695,1.0,14.300318959631939,0.28881179333080986,4.1454816566886805,21.614190199089112,0.3475551830686747,3.9444052228406488,,,,,,
11,sEEG-1061,0,LFIa4,subcortical,../fooof_fits_sEEG_2021101_r4_fir1_pw1/sEEG-1061-0-LFIa4-fooof.json,3.8477496984043005,0.658444840443515,5.7745052724513215,11.567887575524649,0.2168280807912808,8.509697020269016,21.627574479612658,0.25870417768351217,2.421861939889259,59.9866030916509,0.47102660566177157,1.0,171.87038538995134,0.13512656106063048,46.40159397312205,196.19594780768702,0.1867266434113546,21.23903218427683
12,sEEG-1061,0,LFIa6,subcortical,../fooof_fits_sEEG_2021101_r4_fir1_pw1/sEEG-1061-0-LFIa6-fooof.json,2.7992580872548216,0.33511929341104896,2.211420129501316,16.51583813478537,0.6927719398605223,4.755717918240037,21.427554280304886,0.9062329313925463,3.935903768662006,60.02003457266299,0.5098677402143377,1.0,180.01717031053664,0.20617740945691665,1.0,,,
13,sEEG-1061,0,LFIa7,subcortical,../fooof_fits_sEEG_2021101_r4_fir1_pw1/sEEG-1061-0-LFIa7-fooof.json,20.531841848687034,0.2827086242730559,4.227716028915947,56.19426214243273,0.15330082276072154,29.674373607750304,88.929985650175,0.1615250886971502,32.05753324023794,,,,,,,,,
14,sEEG-1061,0,LFM14,cortical,../fooof_fits_sEEG_2021101_r4_fir1_pw1/sEEG-1061-0-LFM14-fooof.json,4.737747246122025,0.379459645194574,2.308840333151908,7.291298849061266,0.855022151700604,1.7842831046556955,13.955550869870272,0.2991062111090965,4.16089741455978,43.95404894760048,0.45019915879786865,6.023022248878363,60.05275506814723,0.7944576548425406,1.0,180.0090391155184,0.7857009064568299,1.0
15,sEEG-1061,0,RFM9,cortical,../fooof_fits_sEEG_2021101_r4_fir1_pw1/sEEG-1061-0-RFM9-fooof.json,56.48010807292942,0.22331937635219568,50.0,99.74977961642401,0.2289889441108084,45.62709753199451,,,,,,,,,,,,
16,sEEG-1061,0,RFM10,cortical,../fooof_fits_sEEG_2021101_r4_fir1_pw1/sEEG-1061-0-RFM10-fooof.json,59.96699338821887,0.3736041533033312,1.0,82.02988817678326,0.3567547327633278,50.0,120.71343879115982,0.1761301327989795,31.1480790261366,,,,,,,,,
17,sEEG-1061,0,LFM9,cortical,../fooof_fits_sEEG_2021101_r4_fir1_pw1/sEEG-1061-0-LFM9-fooof.json,1.0244718675643,0.36231186898766055,3.071498094472073,7.133477436287582,0.6269010959597434,1.1563822115260474,14.515817451396487,0.16442400549139435,1.0,26.44167485572719,0.09346243448319669,50.0,,,,,,
18,sEEG-1061,0,LFM10,cortical,../fooof_fits_sEEG_2021101_r4_fir1_pw1/sEEG-1061-0-LFM10-fooof.json,2.906479562248488,0.4333047946880164,4.786927013720559,6.924157017077693,0.6219039513729605,1.5886412303174011,59.96982278357624,0.37697476533099383,1.0,179.9973355253631,0.2626262358698188,1.0,,,,,,
19,sEEG-1061,0,LFM11,cortical,../fooof_fits_sEEG_2021101_r4_fir1_pw1/sEEG-1061-0-LFM11-fooof.json,3.2038319830325612,0.15323075546914744,4.518182015655526,7.125227304714127,0.4145670173765641,1.391658387659077,59.984070102739004,0.25230795003319706,1.0,92.70266951366283,0.22455679005091156,43.1428134510899,,,,,,
20,sEEG-1061,0,LFM12,cortical,../fooof_fits_sEEG_2021101_r4_fir1_pw1/sEEG-1061-0-LFM12-fooof.json,6.055313919791979,0.3909975605184073,1.6063916705807102,7.313544234590337,0.5696152241638046,1.1249289696675882,89.21645279799175,0.2743983237992875,47.57083914804762,,,,,,,,,
21,sEEG-1061,0,LFM13,cortical,../fooof_fits_sEEG_2021101_r4_fir1_pw1/sEEG-1061-0-LFM13-fooof.json,7.093617221580808,0.5243598164661503,2.4729984655692756,43.87625518629054,0.33962193921094475,6.108780752283558,90.93486291942816,0.14028475532405338,30.514060757275686,107.314065450649,0.1697261518965032,18.171373746657355,,,,,,
22,sEEG-1063,0,LCS1,subcortical,../fooof_fits_sEEG_2021101_r4_fir1_pw1/sEEG-1063-0-LCS1-fooof.json,11.671014777682679,0.3298561589967335,8.518406591559328,19.573657138410645,0.7409123466952607,5.805515191633708,25.611160190466503,0.4482237552145243,7.623582087606041,178.55604951813208,0.3626540096283932,50.0,,,,,,
23,sEEG-1063,0,LCS2,subcortical,../fooof_fits_sEEG_2021101_r4_fir1_pw1/sEEG-1063-0-LCS2-fooof.json,8.557612047217246,0.46489553640373593,1.1553131873451787,19.943107709758504,0.6514655619062886,13.108143018475467,179.78666719275165,0.32876582545649846,50.0,,,,,,,,,
24,sEEG-1063,0,LCS3,subcortical,../fooof_fits_sEEG_2021101_r4_fir1_pw1/sEEG-1063-0-LCS3-fooof.json,4.2232224520649835,0.47786903057062524,4.604861168554682,9.060985748585471,0.45058433975608203,3.4028581920048073,14.102319225618315,0.35411822638934076,6.112813349769467,19.92897980704726,0.40454026684411204,4.1582736675828,26.52433127702316,0.396501291113422,7.195405217073265,,,
25,sEEG-1063,0,LCS4,subcortical,../fooof_fits_sEEG_2021101_r4_fir1_pw1/sEEG-1063-0-LCS4-fooof.json,27.061513111407034,0.5938062822847936,1.6150440035014326,183.7397696036858,0.113977437187323,49.608117439143356,,,,,,,,,,,,
26,sEEG-1063,0,LCS5,subcortical,../fooof_fits_sEEG_2021101_r4_fir1_pw1/sEEG-1063-0-LCS5-fooof.json,1.024,1.4754837899091022,4.1381814669495505,27.088481468596008,0.8301818691857701,2.0960583659826604,59.94824294739863,0.1701441515737674,1.0,180.03002714461246,0.34332908890779024,1.0,184.71356237701147,0.1679609155477717,50.0,,,
27,sEEG-1063,0,LCS6,subcortical,../fooof_fits_sEEG_2021101_r4_fir1_pw1/sEEG-1063-0-LCS6-fooof.json,10.204,0.02860004001960803,1.0221586169170798,27.047540901429784,0.8798342684364417,1.5893954874877199,34.33897543281842,0.08430433045397834,50.0,48.93352349692161,0.16126453326580403,19.26154013738321,182.83311657048478,0.1101919385688781,49.5398295856032,,,
28,sEEG-1063,0,LCS8,subcortical,../fooof_fits_sEEG_2021101_r4_fir1_pw1/sEEG-1063-0-LCS8-fooof.json,1.7183251442728076,1.042030600006763,6.518039673108045,6.094883429515206,0.4150671717331491,26.224225492064438,59.97610415814369,0.09937699643029774,1.0,175.0057668590304,0.21436821409780116,35.66231090743323,179.61567670469208,0.2178859851058803,50.0,,,
29,sEEG-1063,0,LCS9,subcortical,../fooof_fits_sEEG_2021101_r4_fir1_pw1/sEEG-1063-0-LCS9-fooof.json,7.204000000000001,0.39932142811028903,8.491052840760924,26.96431347193753,0.43739664259735456,1.5718701140628046,180.15783525236785,0.25003352935297407,50.0,181.724,0.2495214748416945,40.580879453344174,,,,,,
30,sEEG-1063,0,LCS16,cortical,../fooof_fits_sEEG_2021101_r4_fir1_pw1/sEEG-1063-0-LCS16-fooof.json,48.39880495513788,0.4440974790325196,25.140638857264303,,,,,,,,,,,,,,,
31,sEEG-1063,0,LPIa8,cortical,../fooof_fits_sEEG_2021101_r4_fir1_pw1/sEEG-1063-0-LPIa8-fooof.json,4.384820338079452,0.4611623884834728,1.905349124588612,27.209578921490746,0.4924656930266007,15.773185247136588,59.95952668665721,0.13741906261505576,1.0,,,,,,,,,
32,sEEG-1063,0,LPIb7,cortical,../fooof_fits_sEEG_2021101_r4_fir1_pw1/sEEG-1063-0-LPIb7-fooof.json,1.9988834295152058,0.7609518026076678,4.3102727154930305,8.807230850433529,0.2236437290844666,1.0,27.880972729156227,0.27147791219406514,8.323880405400288,52.64458276738075,0.1974943584038762,33.619358256687406,,,,,,
33,sEEG-1063,0,LCS15,cortical,../fooof_fits_sEEG_2021101_r4_fir1_pw1/sEEG-1063-0-LCS15-fooof.json,1.024,0.620356611468214,7.399456506415704,26.99485336022245,0.2092529520792059,5.4500575100517015,47.69330455523123,0.44845635330762335,25.308658954661357,,,,,,,,,
34,sEEG-1063,0,LPIa4,cortical,../fooof_fits_sEEG_2021101_r4_fir1_pw1/sEEG-1063-0-LPIa4-fooof.json,6.094883429515206,0.4527171379205761,7.295440266551805,51.79277768583367,0.2558458318219401,38.982639728402695,,,,,,,,,,,,
35,sEEG-1063,0,LPIa5,cortical,../fooof_fits_sEEG_2021101_r4_fir1_pw1/sEEG-1063-0-LPIa5-fooof.json,28.19882541237131,0.2412214122146885,6.9413979749855415,47.623444995533184,0.1984983419672801,28.71494784271667,180.04425030237357,0.44323004048500714,1.0,,,,,,,,,
36,sEEG-1063,0,LPIa6,cortical,../fooof_fits_sEEG_2021101_r4_fir1_pw1/sEEG-1063-0-LPIa6-fooof.json,4.648284845587027,0.35841400310987126,3.2901940184752902,24.960578950705777,0.26974246532837753,10.546133864055081,38.653458609094415,0.1439096230508632,17.30801155894715,59.99752500057602,0.33735969690153134,1.0,181.724,0.23021647790344701,50.0,,,
37,sEEG-1063,0,LPIa7,cortical,../fooof_fits_sEEG_2021101_r4_fir1_pw1/sEEG-1063-0-LPIa7-fooof.json,4.581562207928273,0.4372059250731244,2.3187220290879016,18.89386082146191,0.25490417038587765,8.20169426780235,26.55413519336253,0.45599287446013115,9.136810277856318,39.570969757935444,0.1543923195684691,10.697875269070783,,,,,,
38,sEEG-1063,0,LPIb2,cortical,../fooof_fits_sEEG_2021101_r4_fir1_pw1/sEEG-1063-0-LPIb2-fooof.json,6.094883429515206,0.40820199824563197,7.908521684684682,60.00263257572139,0.3834754870858994,1.0,64.06063394129598,0.19710022146061412,28.24702229411295,186.11126838984623,0.1476831159492651,48.92507554086859,,,,,,
39,sEEG-1063,0,LPIb3,cortical,../fooof_fits_sEEG_2021101_r4_fir1_pw1/sEEG-1063-0-LPIb3-fooof.json,8.860389884496023,0.5319533486479422,1.8874502888009772,26.2847378277447,0.3605007737444179,12.072624464453641,46.107974949532085,0.272143954881523,10.843286253073327,59.98605212835358,0.2220227938366488,1.0,180.0495045404678,0.448496633007359,1.0,186.14167216685206,0.2889806530018699,50.0
40,sEEG-1063,0,LPIb4,cortical,../fooof_fits_sEEG_2021101_r4_fir1_pw1/sEEG-1063-0-LPIb4-fooof.json,4.0769463832545165,0.33431691599263225,3.143195996003425,8.804944416429688,0.2779376184558231,1.0,26.969271339947866,0.4776910352833088,8.065060207780913,46.13661253024892,0.2914467297078982,20.239462868512202,,,,,,
41,sEEG-1063,0,LPIb5,cortical,../fooof_fits_sEEG_2021101_r4_fir1_pw1/sEEG-1063-0-LPIb5-fooof.json,1.024,0.7162101789957269,4.583252202826723,8.649803556821578,0.337046593006594,2.222451368401963,43.12511432290518,0.2858457589590344,25.565013751329268,180.02230517656486,0.32608959610347554,1.0,196.1528577169742,0.1617754574163488,32.584232845762415,,,
42,sEEG-1063,0,LPIb6,cortical,../fooof_fits_sEEG_2021101_r4_fir1_pw1/sEEG-1063-0-LPIb6-fooof.json,6.606883429515206,0.3230293953640224,8.314691658698417,27.657614104353954,0.2587324534444466,5.615584387612367,38.5653188166019,0.2674544540348478,12.744464180234846,53.043231040914364,0.21612571672682535,13.569362137666078,65.94501797009538,0.10818516325763028,31.507157035926383,,,
43,sEEG-1066,0,RPI10,cortical,../fooof_fits_sEEG_2021101_r4_fir1_pw1/sEEG-1066-0-RPI10-fooof.json,1.9988834295152058,0.9020055297839988,3.4419920255658267,20.265038352623375,0.36795177884133423,4.33024061057953,58.457237333657886,0.17922151744876302,21.087344375287906,79.71565651326208,0.3860756687153941,19.136909428275285,179.98559862156682,0.18146416941876709,1.0,,,
44,sEEG-1066,0,RF1,subcortical,../fooof_fits_sEEG_2021101_r4_fir1_pw1/sEEG-1066-0-RF1-fooof.json,3.7154870115105414,0.1657301771247024,1.3933535963806756,9.83489517890301,0.3943977778707488,3.527258341661056,19.659402359613967,0.6564595320434954,3.143093336091277,23.504447589660245,0.5578599099530006,14.275691935643087,144.98367649329552,0.17397380423645536,41.290487507544135,195.86254282195733,0.3332827215274001,50.0
45,sEEG-1066,0,RF2,subcortical,../fooof_fits_sEEG_2021101_r4_fir1_pw1/sEEG-1066-0-RF2-fooof.json,3.739256061071265,0.6096238106844076,2.4226790955865343,9.01773966951548,0.5842705485857902,4.996560352172016,20.07404720771757,0.5124842152880547,11.665099217162556,27.903374622755077,0.7654230395137063,4.406554350572464,33.119713728154245,0.3504157452525547,11.89617862976723,,,
46,sEEG-1066,0,RF3,subcortical,../fooof_fits_sEEG_2021101_r4_fir1_pw1/sEEG-1066-0-RF3-fooof.json,2.104066175672953,0.2514189611906126,3.7683191656257224,20.28600384155672,0.31161577581531397,3.694149980063982,27.807539102856428,0.1294645232211984,10.99816941608879,59.99077788164907,0.10617487534891268,1.0,184.13767485572717,0.18660282246421112,50.0,,,
47,sEEG-1066,0,RF4,subcortical,../fooof_fits_sEEG_2021101_r4_fir1_pw1/sEEG-1066-0-RF4-fooof.json,21.008408860498733,0.36097233901110215,3.4172154755235664,21.567657342177892,0.3506176697040413,50.0,175.219247681226,0.10643561615438557,39.85468904020038,198.83737170432286,0.13259819382627924,20.391680686796427,,,,,,
48,sEEG-1066,0,RF5,subcortical,../fooof_fits_sEEG_2021101_r4_fir1_pw1/sEEG-1066-0-RF5-fooof.json,26.00997253707802,0.21586219289723374,9.928974973744314,50.99648084432475,0.18542710216124014,21.692859129581105,59.99302840985402,0.4815340130375567,1.0,180.0194255187734,0.34140344908745135,1.0,188.2174117582849,0.139411334558039,50.0,,,
49,sEEG-1066,0,RF6,subcortical,../fooof_fits_sEEG_2021101_r4_fir1_pw1/sEEG-1066-0-RF6-fooof.json,2.7303514865306835,0.3714660588102703,4.727766789115476,23.40876469756494,0.22402832371226644,10.435149462026702,,,,,,,,,,,,
50,sEEG-1066,0,LPI3,cortical,../fooof_fits_sEEG_2021101_r4_fir1_pw1/sEEG-1066-0-LPI3-fooof.json,2.898015707090579,0.9804771059252673,5.380133096758347,42.54844212222067,0.36084035977133055,17.925997248515007,69.84878674470382,0.19090734290974432,34.080776847735194,,,,,,,,,
51,sEEG-1066,0,LPI4,cortical,../fooof_fits_sEEG_2021101_r4_fir1_pw1/sEEG-1066-0-LPI4-fooof.json,2.958078826681477,0.3270974019549442,4.484933089387427,20.200207085374366,0.4031256775064982,4.8963127478918675,40.995108165018735,0.5143974166706808,13.179186379729076,59.985012243019746,0.21490089190903028,1.0,181.724,0.26717501890363415,39.83638483883957,,,
52,sEEG-1066,0,LPI8,cortical,../fooof_fits_sEEG_2021101_r4_fir1_pw1/sEEG-1066-0-LPI8-fooof.json,41.76394585884887,0.30316282969037367,8.364938482779259,57.47265607727599,0.19455677941514082,18.77728467622049,81.6072689777453,0.3463197233016526,24.61547992667216,,,,,,,,,
53,sEEG-1066,0,LF1,subcortical,../fooof_fits_sEEG_2021101_r4_fir1_pw1/sEEG-1066-0-LF1-fooof.json,20.346622586206518,0.49154183016122666,3.985253471638126,27.528890667467003,0.23653637440827424,9.803014304282762,61.002260133222165,0.09166082534028952,13.903650845775436,,,,,,,,,
54,sEEG-1066,0,LF2,subcortical,../fooof_fits_sEEG_2021101_r4_fir1_pw1/sEEG-1066-0-LF2-fooof.json,22.600975928915833,0.3121788667651444,9.069192771969856,,,,,,,,,,,,,,,
55,sEEG-1066,0,LF3,subcortical,../fooof_fits_sEEG_2021101_r4_fir1_pw1/sEEG-1066-0-LF3-fooof.json,12.933208573788013,0.16478503420407797,29.63613186446831,59.986850533173374,0.18736816508029186,1.0,182.83311657048478,0.1360874050927965,50.0,,,,,,,,,
56,sEEG-1066,0,LF4,subcortical,../fooof_fits_sEEG_2021101_r4_fir1_pw1/sEEG-1066-0-LF4-fooof.json,3.6031712020125504,0.524300858095339,3.635959974874288,21.077150219467278,0.4378922899260953,5.074439946448833,,,,,,,,,,,,
57,sEEG-1066,0,LF5,subcortical,../fooof_fits_sEEG_2021101_r4_fir1_pw1/sEEG-1066-0-LF5-fooof.json,4.010427561760164,0.3672804568459398,3.606668551122522,20.433982078620403,0.6100501233723659,5.601032633593384,59.974573836478314,0.0856804328414178,1.0,173.701208573788,0.13505758623224473,50.0,199.68,0.1304467450957425,49.99619901540681,,,
58,sEEG-1066,0,LF6,subcortical,../fooof_fits_sEEG_2021101_r4_fir1_pw1/sEEG-1066-0-LF6-fooof.json,4.593219222411798,0.30986136066973025,2.8307796789699244,20.533738856638305,0.8154443153092661,6.655421957145323,37.89491619883197,0.21051519326394974,7.876610501991524,60.00054596328788,0.08510062154352838,1.0,182.81281993415453,0.2882427492446151,50.0,,,
59,sEEG-1066,0,LF16,cortical,../fooof_fits_sEEG_2021101_r4_fir1_pw1/sEEG-1066-0-LF16-fooof.json,3.7155997635500326,0.3601397608748087,1.7712517689523104,17.273495086269136,0.5036423150928098,3.4519735241545844,21.78143776837705,0.5091318569717735,5.4753848812634365,38.77523949949276,0.5432067005409102,12.314649147685959,59.96781715537933,0.37645664344225516,1.0,180.0428277480297,0.6066221394824804,1.0
60,sEEG-1066,0,RPI6,cortical,../fooof_fits_sEEG_2021101_r4_fir1_pw1/sEEG-1066-0-RPI6-fooof.json,21.32454474839397,0.5172002779409475,5.4475292799066795,38.627565922590804,0.43656849454864854,9.727951821308794,81.489929461342,0.14627861304602519,13.386649460384385,,,,,,,,,
61,sEEG-1066,0,RPI7,cortical,../fooof_fits_sEEG_2021101_r4_fir1_pw1/sEEG-1066-0-RPI7-fooof.json,21.125688837771545,0.3393781462397687,4.667545612096647,39.5932062841066,0.3413121700643753,8.785793120534443,80.23417913151586,0.284044866586342,18.44582187742195,196.5438196987673,0.22236847830208184,44.239654617846114,,,,,,
62,sEEG-1066,0,RPI8,cortical,../fooof_fits_sEEG_2021101_r4_fir1_pw1/sEEG-1066-0-RPI8-fooof.json,21.43297261327399,0.5561008547322572,4.597897122292879,38.52255599125838,0.2623594118807624,5.639833375413197,77.26380796034316,0.30542723113069137,21.737272773023186,181.724,0.09391849158738097,31.41454203778532,,,,,,
63,sEEG-1066,0,RPI9,cortical,../fooof_fits_sEEG_2021101_r4_fir1_pw1/sEEG-1066-0-RPI9-fooof.json,21.313960242150003,0.22159665075402657,3.228107495817694,39.89366019291359,0.22219547434328213,6.130388494693578,60.42196937483235,0.1940597329236997,16.064263651803014,78.74001148176032,0.34403537920417016,20.413364846687113,,,,,,
64,sEEG-1066,0,LF15,cortical,../fooof_fits_sEEG_2021101_r4_fir1_pw1/sEEG-1066-0-LF15-fooof.json,20.925739256916863,0.6192265054769521,4.677182050366756,39.35222351628208,0.6723072890287245,6.686656191088403,79.7785961871141,0.30572984072162335,15.014174246287526,182.83311657048478,0.16983079038047144,31.251855910771553,,,,,,
65,sEEG-1066,0,LPI6,cortical,../fooof_fits_sEEG_2021101_r4_fir1_pw1/sEEG-1066-0-LPI6-fooof.json,20.676907397341424,0.2801594536910077,4.901421264732084,41.92565236489417,0.6181862236202242,12.115299951878956,59.974577269476484,0.1788043050351149,1.0,181.724,0.26624994662359747,39.746547218299476,,,,,,
66,sEEG-1066,0,LPI7,cortical,../fooof_fits_sEEG_2021101_r4_fir1_pw1/sEEG-1066-0-LPI7-fooof.json,20.88211753940616,0.42016167149401795,3.765037330731387,40.69562003007258,0.4266305329210862,8.50760372064291,82.44534468646997,0.25299964955256726,19.56005718243257,,,,,,,,,
