,subject,session_id,electrode,localization,fooof_export_path,offset,log_knee,exponent,tau_ms,rsquared
0,sEEG-1002,0,LCM1,subcortical,../fooof_fits_sEEG_2021101_r4_fir1_pw1/sEEG-1002-0-LCM1-fooof.json,-10.150755195374499,0.1107891512426012,2.095523911379063,123.31927999065651,0.9847457727236265
1,sEEG-1002,0,LCM2,subcortical,../fooof_fits_sEEG_2021101_r4_fir1_pw1/sEEG-1002-0-LCM2-fooof.json,-9.740798168748611,0.10614031809971065,2.270837843174052,124.64642114809226,0.9923686039228972
2,sEEG-1002,0,LCM3,subcortical,../fooof_fits_sEEG_2021101_r4_fir1_pw1/sEEG-1002-0-LCM3-fooof.json,-9.575688870191197,0.08842571206399989,2.3285027207193765,129.8357884392026,0.9855276163880616
3,sEEG-1002,0,LCM4,subcortical,../fooof_fits_sEEG_2021101_r4_fir1_pw1/sEEG-1002-0-LCM4-fooof.json,-11.14984919852593,-0.9457085418601769,1.4333460330199836,1404.5224115505773,0.9715095859052528
5,sEEG-1002,0,LCM16,cortical,../fooof_fits_sEEG_2021101_r4_fir1_pw1/sEEG-1002-0-LCM16-fooof.json,-12.282545023034737,-0.9832686113236521,1.1538809586613035,1531.400353350018,0.9650091407047221
6,sEEG-1002,0,RCM2,subcortical,../fooof_fits_sEEG_2021101_r4_fir1_pw1/sEEG-1002-0-RCM2-fooof.json,-9.89409809917199,0.16166399271341328,2.3058891876127063,109.68724763313344,0.9902048895941346
7,sEEG-1002,0,RCM3,subcortical,../fooof_fits_sEEG_2021101_r4_fir1_pw1/sEEG-1002-0-RCM3-fooof.json,-10.02537749997173,0.017996676285306375,2.0500906177138214,152.69452149870037,0.9759881890783405
8,sEEG-1002,0,RCM4,subcortical,../fooof_fits_sEEG_2021101_r4_fir1_pw1/sEEG-1002-0-RCM4-fooof.json,-10.004966860022853,-0.3986493625495937,1.8965398580787527,398.53777715199,0.9806192618649487
9,sEEG-1002,0,RCM5,subcortical,../fooof_fits_sEEG_2021101_r4_fir1_pw1/sEEG-1002-0-RCM5-fooof.json,-10.37766912486343,-0.9010130199244818,1.732715010951138,1267.1649494594062,0.9734295931107022
10,sEEG-1002,0,RCM6,subcortical,../fooof_fits_sEEG_2021101_r4_fir1_pw1/sEEG-1002-0-RCM6-fooof.json,-10.747736293352633,-0.1998148096587473,1.7800996993687996,252.13604795062582,0.9895920302576495
12,sEEG-1002,0,RCM16,cortical,../fooof_fits_sEEG_2021101_r4_fir1_pw1/sEEG-1002-0-RCM16-fooof.json,-9.94735736606272,0.9365420837361401,3.070236804274449,18.41950894358821,0.9937386240296898
13,sEEG-1002,0,LCM12,cortical,../fooof_fits_sEEG_2021101_r4_fir1_pw1/sEEG-1002-0-LCM12-fooof.json,-9.953747636260895,0.6360627106821604,2.8115772589047183,36.79234093498031,0.9932924435943762
14,sEEG-1002,0,LCM13,cortical,../fooof_fits_sEEG_2021101_r4_fir1_pw1/sEEG-1002-0-LCM13-fooof.json,-9.832449266408766,0.6482135169601781,2.9950718974114245,35.77722190758745,0.9931455535716202
15,sEEG-1002,0,LCM14,cortical,../fooof_fits_sEEG_2021101_r4_fir1_pw1/sEEG-1002-0-LCM14-fooof.json,-9.219255129771025,0.5206495795194106,3.0615829200973543,47.99218821285045,0.9881309823557567
16,sEEG-1002,0,LCM15,cortical,../fooof_fits_sEEG_2021101_r4_fir1_pw1/sEEG-1002-0-LCM15-fooof.json,-8.361054128276,0.49480160159189723,3.471203130859474,50.93526031496838,0.9916314449194907
17,sEEG-1002,0,RCM14,cortical,../fooof_fits_sEEG_2021101_r4_fir1_pw1/sEEG-1002-0-RCM14-fooof.json,-9.594522798848194,0.8041017755319808,3.066879219755192,24.987243908330115,0.9941700652336906
18,sEEG-1002,0,RCM15,cortical,../fooof_fits_sEEG_2021101_r4_fir1_pw1/sEEG-1002-0-RCM15-fooof.json,-9.64527956026592,0.6485049443853911,2.6753495255032202,35.75322214104673,0.9943216614195659
19,sEEG-1002,1,LCM1,subcortical,../fooof_fits_sEEG_2021101_r4_fir1_pw1/sEEG-1002-1-LCM1-fooof.json,-10.277194959795604,0.08316855843418582,1.8958853189941098,131.4170073702564,0.973867874132681
20,sEEG-1002,1,LCM2,subcortical,../fooof_fits_sEEG_2021101_r4_fir1_pw1/sEEG-1002-1-LCM2-fooof.json,-9.767926928099778,-0.11361354221519734,2.0197298616733557,206.74436145359792,0.9764299620544187
21,sEEG-1002,1,LCM3,subcortical,../fooof_fits_sEEG_2021101_r4_fir1_pw1/sEEG-1002-1-LCM3-fooof.json,-9.995104027593342,0.21909612562028652,2.1248394526220937,96.1001368282886,0.9905257914848772
22,sEEG-1002,1,LCM4,subcortical,../fooof_fits_sEEG_2021101_r4_fir1_pw1/sEEG-1002-1-LCM4-fooof.json,-10.822181919247742,-1.0,1.4768606890472102,1591.5494309189535,0.983249928804248
24,sEEG-1002,1,LCM16,cortical,../fooof_fits_sEEG_2021101_r4_fir1_pw1/sEEG-1002-1-LCM16-fooof.json,-11.90362435164083,-0.7481165522073928,1.3149938720115046,891.1210113956656,0.9684230903242468
25,sEEG-1002,1,RCM2,subcortical,../fooof_fits_sEEG_2021101_r4_fir1_pw1/sEEG-1002-1-RCM2-fooof.json,-9.53360069030717,-1.0,2.1100059523336525,1591.5494309189535,0.9754018498248097
26,sEEG-1002,1,RCM3,subcortical,../fooof_fits_sEEG_2021101_r4_fir1_pw1/sEEG-1002-1-RCM3-fooof.json,-9.966961811712165,-0.8148423256566709,1.8580639656423086,1039.1122322655922,0.978934840647771
27,sEEG-1002,1,RCM4,subcortical,../fooof_fits_sEEG_2021101_r4_fir1_pw1/sEEG-1002-1-RCM4-fooof.json,-9.991706587150288,-0.6770544090917626,1.794439291516357,756.6142922291281,0.9802760317918857
28,sEEG-1002,1,RCM5,subcortical,../fooof_fits_sEEG_2021101_r4_fir1_pw1/sEEG-1002-1-RCM5-fooof.json,-10.432749367065503,-1.0,1.6229028099137375,1591.5494309189535,0.9773710150004471
29,sEEG-1002,1,RCM6,subcortical,../fooof_fits_sEEG_2021101_r4_fir1_pw1/sEEG-1002-1-RCM6-fooof.json,-10.628497041594752,-0.9841781736591064,1.61521106295117,1534.6109944459686,0.9750788716090157
31,sEEG-1002,1,RCM16,cortical,../fooof_fits_sEEG_2021101_r4_fir1_pw1/sEEG-1002-1-RCM16-fooof.json,-9.923718376229417,0.9951439360642417,3.19969573938379,16.09445205918997,0.9927829327380843
32,sEEG-1002,1,LCM12,cortical,../fooof_fits_sEEG_2021101_r4_fir1_pw1/sEEG-1002-1-LCM12-fooof.json,-10.425938399685382,0.8991469861136377,2.9011218432316936,20.075813176510604,0.9888488042719227
33,sEEG-1002,1,LCM13,cortical,../fooof_fits_sEEG_2021101_r4_fir1_pw1/sEEG-1002-1-LCM13-fooof.json,-10.041903746822937,0.8569165295290155,3.1889428953044976,22.1260353601723,0.9901078960615028
34,sEEG-1002,1,LCM14,cortical,../fooof_fits_sEEG_2021101_r4_fir1_pw1/sEEG-1002-1-LCM14-fooof.json,-9.574231308885444,0.7095353814457073,3.128823166095286,31.06595795960192,0.9852787673463691
35,sEEG-1002,1,LCM15,cortical,../fooof_fits_sEEG_2021101_r4_fir1_pw1/sEEG-1002-1-LCM15-fooof.json,-8.653984117654185,0.7428943887270784,3.7272467018705697,28.769064698402044,0.9868418390917438
36,sEEG-1002,1,RCM14,cortical,../fooof_fits_sEEG_2021101_r4_fir1_pw1/sEEG-1002-1-RCM14-fooof.json,-9.654679523531744,0.9630108481674364,3.3887035159838064,17.330427804360724,0.9905866921783959
37,sEEG-1002,1,RCM15,cortical,../fooof_fits_sEEG_2021101_r4_fir1_pw1/sEEG-1002-1-RCM15-fooof.json,-9.681777780596137,0.7500976618797276,2.806494555580231,28.29583209587289,0.9919754700119408
38,sEEG-1021,0,LCM6,subcortical,../fooof_fits_sEEG_2021101_r4_fir1_pw1/sEEG-1021-0-LCM6-fooof.json,-11.811929580392604,-0.7478597908008362,1.1530573998423015,890.5943230067014,0.990798516277252
39,sEEG-1021,0,LCM9,cortical,../fooof_fits_sEEG_2021101_r4_fir1_pw1/sEEG-1021-0-LCM9-fooof.json,-10.132175123902499,0.5428909489057177,2.39037269075638,45.59625593683701,0.9905952537663618
40,sEEG-1021,0,LCM10,cortical,../fooof_fits_sEEG_2021101_r4_fir1_pw1/sEEG-1021-0-LCM10-fooof.json,-9.507613781181268,0.1915509513953137,2.425648560210904,102.39274365405095,0.9970524666314041
41,sEEG-1021,0,RCM1,subcortical,../fooof_fits_sEEG_2021101_r4_fir1_pw1/sEEG-1021-0-RCM1-fooof.json,-10.713883906647618,-0.9722855350232269,1.5923643321459013,1493.1576603328076,0.9754024697069676
42,sEEG-1021,0,RCM2,subcortical,../fooof_fits_sEEG_2021101_r4_fir1_pw1/sEEG-1021-0-RCM2-fooof.json,-11.200962819906772,-0.11815323066866901,1.512253577602714,208.91679866637185,0.9916430783528573
43,sEEG-1021,0,RCM3,subcortical,../fooof_fits_sEEG_2021101_r4_fir1_pw1/sEEG-1021-0-RCM3-fooof.json,-11.458661317507927,-0.4620953374519997,1.2752001992125255,461.2277926280451,0.9893346557135692
44,sEEG-1021,0,RCM4,subcortical,../fooof_fits_sEEG_2021101_r4_fir1_pw1/sEEG-1021-0-RCM4-fooof.json,-11.572268050323673,-0.5778885738868148,1.2548220451293053,602.1555666072285,0.9920330780930224
45,sEEG-1021,0,RCM5,subcortical,../fooof_fits_sEEG_2021101_r4_fir1_pw1/sEEG-1021-0-RCM5-fooof.json,-11.106978343913582,-0.40906397041392434,1.425797066541699,408.21043476754727,0.9941701511107109
46,sEEG-1021,0,RCM9,cortical,../fooof_fits_sEEG_2021101_r4_fir1_pw1/sEEG-1021-0-RCM9-fooof.json,-9.299999880393205,0.2793963233246211,2.4693758372031356,83.64188433739665,0.9967135804660172
47,sEEG-1021,0,RCM10,cortical,../fooof_fits_sEEG_2021101_r4_fir1_pw1/sEEG-1021-0-RCM10-fooof.json,-8.679943280640874,0.33631244192557314,2.8775891843792323,73.36817050375424,0.9969667282313962
48,sEEG-1021,0,LCM2,subcortical,../fooof_fits_sEEG_2021101_r4_fir1_pw1/sEEG-1021-0-LCM2-fooof.json,-10.26222405242261,-0.0037124998337553974,1.9619846705904693,160.5212864042519,0.995938586100397
49,sEEG-1021,0,LCM3,subcortical,../fooof_fits_sEEG_2021101_r4_fir1_pw1/sEEG-1021-0-LCM3-fooof.json,-10.999424423926785,-0.15307808156841338,1.6218709041661388,226.4113598885334,0.9953341350543455
50,sEEG-1021,0,LCM4,subcortical,../fooof_fits_sEEG_2021101_r4_fir1_pw1/sEEG-1021-0-LCM4-fooof.json,-11.345063187299022,-0.3017985711730972,1.3216450967663296,318.8737012824518,0.990535980886179
51,sEEG-1021,0,LCM5,subcortical,../fooof_fits_sEEG_2021101_r4_fir1_pw1/sEEG-1021-0-LCM5-fooof.json,-11.504334346177801,-0.33061321567189517,1.2526898206765753,340.7480250013729,0.990698968489346
52,sEEG-1021,1,LCM6,subcortical,../fooof_fits_sEEG_2021101_r4_fir1_pw1/sEEG-1021-1-LCM6-fooof.json,-11.738506073442888,-0.5746091314290112,1.2111489017607695,597.6256968032003,0.9934001090115926
53,sEEG-1021,1,LCM9,cortical,../fooof_fits_sEEG_2021101_r4_fir1_pw1/sEEG-1021-1-LCM9-fooof.json,-9.513736954283639,0.22426877811075102,2.3637048286725753,94.96232815997038,0.9954697301556009
54,sEEG-1021,1,LCM10,cortical,../fooof_fits_sEEG_2021101_r4_fir1_pw1/sEEG-1021-1-LCM10-fooof.json,-9.441244824298584,0.14010330211413696,2.4009634879371986,115.27014236229772,0.997832205510428
55,sEEG-1021,1,RCM1,subcortical,../fooof_fits_sEEG_2021101_r4_fir1_pw1/sEEG-1021-1-RCM1-fooof.json,-10.598869155154338,-0.9897178286906704,1.692894733912212,1554.3111423464802,0.975673625854958
56,sEEG-1021,1,RCM2,subcortical,../fooof_fits_sEEG_2021101_r4_fir1_pw1/sEEG-1021-1-RCM2-fooof.json,-11.225533820750703,0.02795665371112574,1.563746990906335,149.23252179105526,0.9929300223387925
57,sEEG-1021,1,RCM3,subcortical,../fooof_fits_sEEG_2021101_r4_fir1_pw1/sEEG-1021-1-RCM3-fooof.json,-11.320243368495968,-0.19396796346671427,1.4132638757139175,248.76432287291144,0.9912407414333809
58,sEEG-1021,1,RCM4,subcortical,../fooof_fits_sEEG_2021101_r4_fir1_pw1/sEEG-1021-1-RCM4-fooof.json,-11.472798974533214,-0.4921151483009303,1.328099909530754,494.23702859692946,0.9905697030281153
59,sEEG-1021,1,RCM5,subcortical,../fooof_fits_sEEG_2021101_r4_fir1_pw1/sEEG-1021-1-RCM5-fooof.json,-11.034810653428943,-0.5152288582430984,1.453079443686633,521.2535069456648,0.9943211210328615
60,sEEG-1021,1,RCM9,cortical,../fooof_fits_sEEG_2021101_r4_fir1_pw1/sEEG-1021-1-RCM9-fooof.json,-9.1999491482369,0.23425030692969723,2.46627262701163,92.80466870123091,0.9971375921181012
61,sEEG-1021,1,RCM10,cortical,../fooof_fits_sEEG_2021101_r4_fir1_pw1/sEEG-1021-1-RCM10-fooof.json,-8.55447302305412,0.3144787239563175,2.8812858584538468,77.15097301561069,0.9974807847663459
62,sEEG-1021,1,LCM2,subcortical,../fooof_fits_sEEG_2021101_r4_fir1_pw1/sEEG-1021-1-LCM2-fooof.json,-10.129134335141174,-0.2843951305978342,1.929616263404703,306.3481501527111,0.9937140299904174
63,sEEG-1021,1,LCM3,subcortical,../fooof_fits_sEEG_2021101_r4_fir1_pw1/sEEG-1021-1-LCM3-fooof.json,-10.782829338467376,-0.3291963404664698,1.6843953969251686,339.63815428846567,0.9961406458862073
64,sEEG-1021,1,LCM4,subcortical,../fooof_fits_sEEG_2021101_r4_fir1_pw1/sEEG-1021-1-LCM4-fooof.json,-11.302145590546816,-0.4692799499459363,1.3218304881533105,468.9214309376676,0.9900728627056604
65,sEEG-1021,1,LCM5,subcortical,../fooof_fits_sEEG_2021101_r4_fir1_pw1/sEEG-1021-1-LCM5-fooof.json,-11.320165347193521,-0.5468388024828272,1.320327682353662,560.6075393973985,0.992096348973011
66,sEEG-1021,2,LCM6,subcortical,../fooof_fits_sEEG_2021101_r4_fir1_pw1/sEEG-1021-2-LCM6-fooof.json,-11.914288966865767,-0.9462928895086394,1.0766361305961416,1406.413482702091,0.9809270438773424
67,sEEG-1021,2,LCM9,cortical,../fooof_fits_sEEG_2021101_r4_fir1_pw1/sEEG-1021-2-LCM9-fooof.json,-9.322282655111323,0.03805716399537342,2.326367869679698,145.80182754167862,0.9983321734719904
68,sEEG-1021,2,LCM10,cortical,../fooof_fits_sEEG_2021101_r4_fir1_pw1/sEEG-1021-2-LCM10-fooof.json,-9.406063626211502,0.09097951661976786,2.383625003477816,129.07454863462652,0.9985537563763668
69,sEEG-1021,2,RCM1,subcortical,../fooof_fits_sEEG_2021101_r4_fir1_pw1/sEEG-1021-2-RCM1-fooof.json,-10.659992418072544,-0.1245616109039516,1.7831888918827898,212.02239820456225,0.9972569216221818
70,sEEG-1021,2,RCM2,subcortical,../fooof_fits_sEEG_2021101_r4_fir1_pw1/sEEG-1021-2-RCM2-fooof.json,-11.13708055213247,-0.20816135481507433,1.5334986222744094,257.02862116813714,0.9858766091176104
71,sEEG-1021,2,RCM3,subcortical,../fooof_fits_sEEG_2021101_r4_fir1_pw1/sEEG-1021-2-RCM3-fooof.json,-11.250415092515734,-0.7174092351035622,1.387681140915708,830.2891577066202,0.9956368180163496
72,sEEG-1021,2,RCM4,subcortical,../fooof_fits_sEEG_2021101_r4_fir1_pw1/sEEG-1021-2-RCM4-fooof.json,-11.464447007958716,-0.4766488474914165,1.3413988939066772,476.9457455334499,0.9911510179102847
73,sEEG-1021,2,RCM5,subcortical,../fooof_fits_sEEG_2021101_r4_fir1_pw1/sEEG-1021-2-RCM5-fooof.json,-10.622528790908358,-1.0,1.6326187764366622,1591.5494309189535,0.9804287345032147
74,sEEG-1021,2,RCM9,cortical,../fooof_fits_sEEG_2021101_r4_fir1_pw1/sEEG-1021-2-RCM9-fooof.json,-9.083096838000037,0.1540432756025672,2.452152208010164,111.62895419563887,0.9986521914705622
75,sEEG-1021,2,RCM10,cortical,../fooof_fits_sEEG_2021101_r4_fir1_pw1/sEEG-1021-2-RCM10-fooof.json,-8.419123763061553,0.2703720983929849,2.9069315391735904,85.39806558014189,0.9983348847323218
76,sEEG-1021,2,LCM2,subcortical,../fooof_fits_sEEG_2021101_r4_fir1_pw1/sEEG-1021-2-LCM2-fooof.json,-10.393821288061153,-0.9412668113012784,1.7054327491254677,1390.2309185847323,0.986597792604564
77,sEEG-1021,2,LCM3,subcortical,../fooof_fits_sEEG_2021101_r4_fir1_pw1/sEEG-1021-2-LCM3-fooof.json,-10.941804445907588,-0.4221575205585521,1.599542760128992,420.7049793125653,0.9957780004156027
78,sEEG-1021,2,LCM4,subcortical,../fooof_fits_sEEG_2021101_r4_fir1_pw1/sEEG-1021-2-LCM4-fooof.json,-11.419714687099406,-0.8948689397975628,1.2111986440158924,1249.3642407778798,0.9808227189841069
79,sEEG-1021,2,LCM5,subcortical,../fooof_fits_sEEG_2021101_r4_fir1_pw1/sEEG-1021-2-LCM5-fooof.json,-11.25886616839039,-0.6921536015569287,1.3526075571802372,783.382261164005,0.9957766106380356
80,sEEG-1023,0,LPI1,cortical,../fooof_fits_sEEG_2021101_r4_fir1_pw1/sEEG-1023-0-LPI1-fooof.json,-10.737491005002104,1.2196217203923618,3.4156022967754307,9.598390422614674,0.9971566878825151
81,sEEG-1023,0,LPI2,cortical,../fooof_fits_sEEG_2021101_r4_fir1_pw1/sEEG-1023-0-LPI2-fooof.json,-10.891942181028535,1.3167859871402074,3.4906146541977336,7.674218221699847,0.9982287871231802
82,sEEG-1023,0,LPI3,cortical,../fooof_fits_sEEG_2021101_r4_fir1_pw1/sEEG-1023-0-LPI3-fooof.json,-10.77583873475774,1.1039610609824249,3.207892901973201,12.527345943477664,0.9975716065381323
83,sEEG-1023,0,LPI14,cortical,../fooof_fits_sEEG_2021101_r4_fir1_pw1/sEEG-1023-0-LPI14-fooof.json,-8.299619599160566,0.18951284212920358,3.0363265399939854,102.87439389910645,0.9984596864741305
84,sEEG-1023,0,LCM1,subcortical,../fooof_fits_sEEG_2021101_r4_fir1_pw1/sEEG-1023-0-LCM1-fooof.json,-10.525466033038082,0.09704107520611051,1.776690072551187,127.28553621052686,0.995759829871518
85,sEEG-1023,0,LCM2,subcortical,../fooof_fits_sEEG_2021101_r4_fir1_pw1/sEEG-1023-0-LCM2-fooof.json,-11.531419756097163,-0.9114328663186891,1.018289872575447,1297.935162053041,0.9849906330172502
86,sEEG-1023,0,LCM3,subcortical,../fooof_fits_sEEG_2021101_r4_fir1_pw1/sEEG-1023-0-LCM3-fooof.json,-11.61897692052433,-1.0,1.0287409245655759,1591.5494309189535,0.9943970369633143
87,sEEG-1023,0,LCM4,subcortical,../fooof_fits_sEEG_2021101_r4_fir1_pw1/sEEG-1023-0-LCM4-fooof.json,-11.672288053379642,-1.0,1.1062843468729913,1591.5494309189535,0.9932529689900529
88,sEEG-1023,0,LCM5,subcortical,../fooof_fits_sEEG_2021101_r4_fir1_pw1/sEEG-1023-0-LCM5-fooof.json,-11.780169418003268,-1.0,1.1552870476897814,1591.5494309189535,0.9878227499614409
90,sEEG-1023,0,RPI1,cortical,../fooof_fits_sEEG_2021101_r4_fir1_pw1/sEEG-1023-0-RPI1-fooof.json,-9.996879603537367,0.9486992531794612,3.0286442767303394,17.911043080019923,0.9975722643203193
91,sEEG-1023,0,RPI2,cortical,../fooof_fits_sEEG_2021101_r4_fir1_pw1/sEEG-1023-0-RPI2-fooof.json,-10.327581323962539,1.0334894572785989,3.124329160001637,14.734339566858827,0.9984703770897089
92,sEEG-1023,0,RPI3,cortical,../fooof_fits_sEEG_2021101_r4_fir1_pw1/sEEG-1023-0-RPI3-fooof.json,-10.94730057699184,0.9268622939744497,2.827094826868576,18.83466229270096,0.9914793771620977
94,sEEG-1023,0,RPI16,cortical,../fooof_fits_sEEG_2021101_r4_fir1_pw1/sEEG-1023-0-RPI16-fooof.json,-9.91810576204564,1.0035788025817216,3.4158598150915034,15.784881614417476,0.9988638834625881
95,sEEG-1023,0,RCM1,subcortical,../fooof_fits_sEEG_2021101_r4_fir1_pw1/sEEG-1023-0-RCM1-fooof.json,-12.091186455061925,-0.4459272111305238,1.0540753258012268,444.37267189207387,0.988425332637829
96,sEEG-1023,0,RCM2,subcortical,../fooof_fits_sEEG_2021101_r4_fir1_pw1/sEEG-1023-0-RCM2-fooof.json,-11.052443647234638,-1.0,1.287398228966635,1591.5494309189535,0.9918309290829648
97,sEEG-1023,0,RCM3,subcortical,../fooof_fits_sEEG_2021101_r4_fir1_pw1/sEEG-1023-0-RCM3-fooof.json,-11.234894425260304,0.08498428271370585,1.31357409157301,130.8687182641921,0.989682550199577
98,sEEG-1023,0,RCM4,subcortical,../fooof_fits_sEEG_2021101_r4_fir1_pw1/sEEG-1023-0-RCM4-fooof.json,-11.553647488846083,0.32787944806785313,1.4447324579839003,74.8067321662178,0.9929007911765994
99,sEEG-1023,0,RCM5,subcortical,../fooof_fits_sEEG_2021101_r4_fir1_pw1/sEEG-1023-0-RCM5-fooof.json,-11.606217401689175,-0.9739236662734007,1.4815087941131688,1498.800391679206,0.9871425031927674
100,sEEG-1023,0,RCM6,subcortical,../fooof_fits_sEEG_2021101_r4_fir1_pw1/sEEG-1023-0-RCM6-fooof.json,-11.598134748233768,0.16699331173589904,1.6965342152064926,108.34947714291128,0.9950174441086737
101,sEEG-1023,0,LPI6,cortical,../fooof_fits_sEEG_2021101_r4_fir1_pw1/sEEG-1023-0-LPI6-fooof.json,-10.112566505629667,1.2015039495037194,3.5965489399207993,10.00728301360748,0.9986885088970712
102,sEEG-1023,0,LPI7,cortical,../fooof_fits_sEEG_2021101_r4_fir1_pw1/sEEG-1023-0-LPI7-fooof.json,-9.92716798447774,1.1420211607401476,3.6224028920681013,11.476222795501263,0.9981546937060443
103,sEEG-1023,0,LPI8,cortical,../fooof_fits_sEEG_2021101_r4_fir1_pw1/sEEG-1023-0-LPI8-fooof.json,-9.538368138949906,0.938080111523655,3.317409226048417,18.354392731116057,0.9981985681659258
104,sEEG-1023,0,LPI9,cortical,../fooof_fits_sEEG_2021101_r4_fir1_pw1/sEEG-1023-0-LPI9-fooof.json,-10.147119125806812,0.853969057580353,2.9883669185837,22.27671117226608,0.9975260340972578
105,sEEG-1023,0,LPI10,cortical,../fooof_fits_sEEG_2021101_r4_fir1_pw1/sEEG-1023-0-LPI10-fooof.json,-9.344043785908449,0.8079753946835053,3.3977233595866676,24.76536521780357,0.9980645369875519
106,sEEG-1023,0,LPI11,cortical,../fooof_fits_sEEG_2021101_r4_fir1_pw1/sEEG-1023-0-LPI11-fooof.json,-9.963962753669815,0.8022364162080079,2.9712499627767475,25.09479864977959,0.9977725738026344
107,sEEG-1023,0,LPI12,cortical,../fooof_fits_sEEG_2021101_r4_fir1_pw1/sEEG-1023-0-LPI12-fooof.json,-7.723364824821185,0.2700646616220603,3.229049362227408,85.45854021563949,0.998439503787623
108,sEEG-1023,0,LPI13,cortical,../fooof_fits_sEEG_2021101_r4_fir1_pw1/sEEG-1023-0-LPI13-fooof.json,-8.222643493372985,0.32858117694133,3.0725516738458514,74.68595776262211,0.9987274754958917
109,sEEG-1023,0,RPI10,cortical,../fooof_fits_sEEG_2021101_r4_fir1_pw1/sEEG-1023-0-RPI10-fooof.json,-10.96704628733553,1.0196826215898813,3.135228599756589,15.21029054790083,0.9980341923610514
110,sEEG-1023,0,RPI11,cortical,../fooof_fits_sEEG_2021101_r4_fir1_pw1/sEEG-1023-0-RPI11-fooof.json,-10.760683064639649,0.8505959796407172,2.9895352278565737,22.45040355367266,0.9977852335692463
111,sEEG-1023,0,RPI12,cortical,../fooof_fits_sEEG_2021101_r4_fir1_pw1/sEEG-1023-0-RPI12-fooof.json,-10.498590447715152,0.9005970210172313,3.2055635536015052,20.008895250144114,0.9982410543399861
112,sEEG-1023,0,RPI13,cortical,../fooof_fits_sEEG_2021101_r4_fir1_pw1/sEEG-1023-0-RPI13-fooof.json,-10.530659404934317,1.0457834379925077,3.409217911918637,14.323089102993452,0.9972302256917915
113,sEEG-1023,0,RPI14,cortical,../fooof_fits_sEEG_2021101_r4_fir1_pw1/sEEG-1023-0-RPI14-fooof.json,-10.411805348576648,1.1240632180330696,3.593878856098716,11.960708706305207,0.9978259461441641
114,sEEG-1023,0,RPI15,cortical,../fooof_fits_sEEG_2021101_r4_fir1_pw1/sEEG-1023-0-RPI15-fooof.json,-10.40297638103611,1.1673865377375556,3.5546448906458408,10.825141798987278,0.9977219025696772
115,sEEG-1023,1,LPI1,cortical,../fooof_fits_sEEG_2021101_r4_fir1_pw1/sEEG-1023-1-LPI1-fooof.json,-10.780604528975998,1.2365001715302324,3.440321009059963,9.232513686066108,0.9972311410132204
116,sEEG-1023,1,LPI2,cortical,../fooof_fits_sEEG_2021101_r4_fir1_pw1/sEEG-1023-1-LPI2-fooof.json,-10.878618959162864,1.3118320609814793,3.502701640394443,7.762257947177062,0.9979741961195009
117,sEEG-1023,1,LPI3,cortical,../fooof_fits_sEEG_2021101_r4_fir1_pw1/sEEG-1023-1-LPI3-fooof.json,-10.705063028616182,1.0657160655757867,3.149641489978186,13.680566013765407,0.9970022855170916
118,sEEG-1023,1,LPI14,cortical,../fooof_fits_sEEG_2021101_r4_fir1_pw1/sEEG-1023-1-LPI14-fooof.json,-8.248425345142984,0.2039077296841634,3.1015505150079505,99.52046623884779,0.9987628991374021
119,sEEG-1023,1,LCM1,subcortical,../fooof_fits_sEEG_2021101_r4_fir1_pw1/sEEG-1023-1-LCM1-fooof.json,-10.401235100312682,-0.6610970897775871,1.6531269979026242,729.3184854558442,0.9805333204054846
120,sEEG-1023,1,LCM2,subcortical,../fooof_fits_sEEG_2021101_r4_fir1_pw1/sEEG-1023-1-LCM2-fooof.json,-11.384824485529242,-1.0,1.11220566447236,1591.5494309189535,0.9912863732060548
121,sEEG-1023,1,LCM3,subcortical,../fooof_fits_sEEG_2021101_r4_fir1_pw1/sEEG-1023-1-LCM3-fooof.json,-11.920788496297833,0.32385777285381206,1.1166619569705867,75.50267850773666,0.9751744830860235
122,sEEG-1023,1,LCM4,subcortical,../fooof_fits_sEEG_2021101_r4_fir1_pw1/sEEG-1023-1-LCM4-fooof.json,-11.65965344784382,-1.0,1.1166235267577969,1591.5494309189535,0.9923930921457275
123,sEEG-1023,1,LCM5,subcortical,../fooof_fits_sEEG_2021101_r4_fir1_pw1/sEEG-1023-1-LCM5-fooof.json,-11.83594001411624,-1.0,1.1353769181774238,1591.5494309189535,0.9871162864817705
125,sEEG-1023,1,RPI1,cortical,../fooof_fits_sEEG_2021101_r4_fir1_pw1/sEEG-1023-1-RPI1-fooof.json,-10.109706764531984,0.9676094665812286,2.996109068896912,17.14788905703794,0.9968277854527867
126,sEEG-1023,1,RPI2,cortical,../fooof_fits_sEEG_2021101_r4_fir1_pw1/sEEG-1023-1-RPI2-fooof.json,-10.46993438546379,1.0646041281508034,3.1038541118455556,13.715637663071389,0.9979938325425575
127,sEEG-1023,1,RPI3,cortical,../fooof_fits_sEEG_2021101_r4_fir1_pw1/sEEG-1023-1-RPI3-fooof.json,-11.059668986601114,1.0095511120933505,3.0491836276962863,15.569297581603355,0.9973507343775221
129,sEEG-1023,1,RPI16,cortical,../fooof_fits_sEEG_2021101_r4_fir1_pw1/sEEG-1023-1-RPI16-fooof.json,-10.036923242768285,1.0203763024158152,3.337427856717937,15.186015164666827,0.9985700890717595
130,sEEG-1023,1,RCM1,subcortical,../fooof_fits_sEEG_2021101_r4_fir1_pw1/sEEG-1023-1-RCM1-fooof.json,-12.14909333546845,-0.5083048702923907,1.020204314303186,513.0090208937261,0.9906749951427123
131,sEEG-1023,1,RCM2,subcortical,../fooof_fits_sEEG_2021101_r4_fir1_pw1/sEEG-1023-1-RCM2-fooof.json,-11.073888631076157,-0.9653544748722743,1.2815439460841425,1469.516972837439,0.9914698830756343
132,sEEG-1023,1,RCM3,subcortical,../fooof_fits_sEEG_2021101_r4_fir1_pw1/sEEG-1023-1-RCM3-fooof.json,-11.938853676026097,0.8811911030042161,1.4169082007868976,20.923244431429072,0.9955684821942513
133,sEEG-1023,1,RCM4,subcortical,../fooof_fits_sEEG_2021101_r4_fir1_pw1/sEEG-1023-1-RCM4-fooof.json,-11.206710541864505,-0.3256655692864273,1.390546084732893,336.888123574922,0.9895135464682295
134,sEEG-1023,1,RCM5,subcortical,../fooof_fits_sEEG_2021101_r4_fir1_pw1/sEEG-1023-1-RCM5-fooof.json,-11.595328486374198,-0.7130218657100029,1.5039790841072715,821.9435605236459,0.9951927668140964
135,sEEG-1023,1,RCM6,subcortical,../fooof_fits_sEEG_2021101_r4_fir1_pw1/sEEG-1023-1-RCM6-fooof.json,-11.919111613551648,0.40813749077305045,1.6820575342242823,62.18457075839198,0.9916195200551271
136,sEEG-1023,1,LPI6,cortical,../fooof_fits_sEEG_2021101_r4_fir1_pw1/sEEG-1023-1-LPI6-fooof.json,-10.037010402926905,1.1544732372847981,3.532955908219703,11.15184936116273,0.9988739415595913
137,sEEG-1023,1,LPI7,cortical,../fooof_fits_sEEG_2021101_r4_fir1_pw1/sEEG-1023-1-LPI7-fooof.json,-9.95149908802141,1.1131748136102697,3.5366332293802474,12.264372086670539,0.9983084042850672
138,sEEG-1023,1,LPI8,cortical,../fooof_fits_sEEG_2021101_r4_fir1_pw1/sEEG-1023-1-LPI8-fooof.json,-9.615473119037548,0.9394356977157303,3.2830134324362445,18.29719151942773,0.9982302000157668
139,sEEG-1023,1,LPI9,cortical,../fooof_fits_sEEG_2021101_r4_fir1_pw1/sEEG-1023-1-LPI9-fooof.json,-10.224399072477258,0.8999738090973849,3.0819053592781396,20.037628595565568,0.9974362670492403
140,sEEG-1023,1,LPI10,cortical,../fooof_fits_sEEG_2021101_r4_fir1_pw1/sEEG-1023-1-LPI10-fooof.json,-9.530106158176027,0.8474690173240357,3.3660527426631015,22.612631962112726,0.9971169596524437
141,sEEG-1023,1,LPI11,cortical,../fooof_fits_sEEG_2021101_r4_fir1_pw1/sEEG-1023-1-LPI11-fooof.json,-9.921253044755522,0.7846519441073437,2.949901777962659,26.131731518700462,0.9980021234246385
142,sEEG-1023,1,LPI12,cortical,../fooof_fits_sEEG_2021101_r4_fir1_pw1/sEEG-1023-1-LPI12-fooof.json,-7.74033849591316,0.2852306642441097,3.2667431831646456,82.52574762048974,0.9988298200906812
143,sEEG-1023,1,LPI13,cortical,../fooof_fits_sEEG_2021101_r4_fir1_pw1/sEEG-1023-1-LPI13-fooof.json,-8.317726847592848,0.3623134518986085,3.086267135482595,69.10455580719258,0.9985714097733946
144,sEEG-1023,1,RPI10,cortical,../fooof_fits_sEEG_2021101_r4_fir1_pw1/sEEG-1023-1-RPI10-fooof.json,-10.953145101025996,0.9456847263616797,2.862064958901131,18.035799773039738,0.9916364856834289
145,sEEG-1023,1,RPI11,cortical,../fooof_fits_sEEG_2021101_r4_fir1_pw1/sEEG-1023-1-RPI11-fooof.json,-10.724873368734334,0.7364118274259918,2.6711445989230107,29.201711379307575,0.987906900800915
146,sEEG-1023,1,RPI12,cortical,../fooof_fits_sEEG_2021101_r4_fir1_pw1/sEEG-1023-1-RPI12-fooof.json,-10.608381964514674,0.868096244800307,2.954456315767413,21.563730072638997,0.9922355815203951
147,sEEG-1023,1,RPI13,cortical,../fooof_fits_sEEG_2021101_r4_fir1_pw1/sEEG-1023-1-RPI13-fooof.json,-10.674368318360857,1.0491906091533254,3.2244735062447396,14.21115978394341,0.9946098677416775
148,sEEG-1023,1,RPI14,cortical,../fooof_fits_sEEG_2021101_r4_fir1_pw1/sEEG-1023-1-RPI14-fooof.json,-10.55737308091819,1.1338249288991653,3.49009558169146,11.694864726920649,0.9960164448395278
149,sEEG-1023,1,RPI15,cortical,../fooof_fits_sEEG_2021101_r4_fir1_pw1/sEEG-1023-1-RPI15-fooof.json,-10.509951287905212,1.1703628657095975,3.4657784743253903,10.751208045613678,0.9960008246238516
150,sEEG-1029,0,RPS1,cortical,../fooof_fits_sEEG_2021101_r4_fir1_pw1/sEEG-1029-0-RPS1-fooof.json,-9.970000455829817,1.256839222974403,3.860091751080421,8.810101434638957,0.9990862997549141
151,sEEG-1029,0,RPS2,cortical,../fooof_fits_sEEG_2021101_r4_fir1_pw1/sEEG-1029-0-RPS2-fooof.json,-10.73968325656116,1.2090006870480734,3.1159036623143366,9.83602093892262,0.9964107319888567
152,sEEG-1029,0,RPS3,cortical,../fooof_fits_sEEG_2021101_r4_fir1_pw1/sEEG-1029-0-RPS3-fooof.json,-10.611127088091878,1.2641007534195547,3.2909533760313607,8.66401864501472,0.9990233370452721
153,sEEG-1029,0,RPS4,cortical,../fooof_fits_sEEG_2021101_r4_fir1_pw1/sEEG-1029-0-RPS4-fooof.json,-11.140372104394958,1.3283069223044828,2.988565860834778,7.473313643949253,0.9972217720067335
154,sEEG-1029,0,RPS9,cortical,../fooof_fits_sEEG_2021101_r4_fir1_pw1/sEEG-1029-0-RPS9-fooof.json,-11.577311824653224,1.4006192534237492,3.16290001882095,6.3270443430239105,0.9964247009414592
155,sEEG-1029,0,RPS12,cortical,../fooof_fits_sEEG_2021101_r4_fir1_pw1/sEEG-1029-0-RPS12-fooof.json,-10.678099668780428,1.4066382307012508,3.9905849761051746,6.239961367925378,0.9979464125672233
156,sEEG-1029,0,RCM1,subcortical,../fooof_fits_sEEG_2021101_r4_fir1_pw1/sEEG-1029-0-RCM1-fooof.json,-10.876119721279407,-0.6168715689717105,1.482279087933576,658.7061232590357,0.9851837332492405
157,sEEG-1029,0,RCM2,subcortical,../fooof_fits_sEEG_2021101_r4_fir1_pw1/sEEG-1029-0-RCM2-fooof.json,-11.083719967811938,-0.9322531269923215,1.3773082011638638,1361.6743560968462,0.9938773464173698
158,sEEG-1029,0,RCM3,subcortical,../fooof_fits_sEEG_2021101_r4_fir1_pw1/sEEG-1029-0-RCM3-fooof.json,-11.167898398102482,-1.0,1.3119326967740113,1591.5494309189535,0.990094463682069
159,sEEG-1029,0,RCM4,subcortical,../fooof_fits_sEEG_2021101_r4_fir1_pw1/sEEG-1029-0-RCM4-fooof.json,-11.540718211684192,-1.0,1.1766122451054197,1591.5494309189535,0.9810221875903431
169,sEEG-1029,0,LP1,subcortical,../fooof_fits_sEEG_2021101_r4_fir1_pw1/sEEG-1029-0-LP1-fooof.json,-10.399959199475342,0.5783525221808158,2.511144394304209,42.02111863296035,0.9992204684229481
170,sEEG-1029,0,LP2,cortical,../fooof_fits_sEEG_2021101_r4_fir1_pw1/sEEG-1029-0-LP2-fooof.json,-10.64683525586,0.772125162917676,2.616182199208029,26.896450400063788,0.9983194672977987
171,sEEG-1029,0,LP3,cortical,../fooof_fits_sEEG_2021101_r4_fir1_pw1/sEEG-1029-0-LP3-fooof.json,-10.884140506441577,0.7438627259425974,2.592261372391561,28.704990382788967,0.9991142569154948
172,sEEG-1029,0,LP4,cortical,../fooof_fits_sEEG_2021101_r4_fir1_pw1/sEEG-1029-0-LP4-fooof.json,-10.762295758938903,0.7758741556940365,2.5621491499320865,26.665269413316285,0.9991902261296559
173,sEEG-1029,0,LP5,cortical,../fooof_fits_sEEG_2021101_r4_fir1_pw1/sEEG-1029-0-LP5-fooof.json,-10.281682183132933,0.7340493117583962,2.6634033146583076,29.360998434576565,0.9991126462899347
174,sEEG-1029,0,LP6,cortical,../fooof_fits_sEEG_2021101_r4_fir1_pw1/sEEG-1029-0-LP6-fooof.json,-10.015777408121199,0.5944020508643488,2.594560059252854,40.49655509076529,0.998706549348275
175,sEEG-1029,0,LP7,cortical,../fooof_fits_sEEG_2021101_r4_fir1_pw1/sEEG-1029-0-LP7-fooof.json,-10.935287644701445,1.0314551481283138,2.961167350633273,14.803519616168394,0.9990829811118964
176,sEEG-1029,0,LP8,cortical,../fooof_fits_sEEG_2021101_r4_fir1_pw1/sEEG-1029-0-LP8-fooof.json,-10.751013046425715,1.098432723087355,3.000813508045234,12.687831680110115,0.9992330343935578
177,sEEG-1029,0,LP9,cortical,../fooof_fits_sEEG_2021101_r4_fir1_pw1/sEEG-1029-0-LP9-fooof.json,-11.061303384630893,1.2232316749111085,3.0624160400210427,9.518937092708073,0.9976340682715373
178,sEEG-1029,0,LP10,cortical,../fooof_fits_sEEG_2021101_r4_fir1_pw1/sEEG-1029-0-LP10-fooof.json,-11.310239809994059,1.2686623430663027,3.0200576825925665,8.573492821828609,0.9969606802330089
179,sEEG-1029,0,LP11,cortical,../fooof_fits_sEEG_2021101_r4_fir1_pw1/sEEG-1029-0-LP11-fooof.json,-11.071641378602028,1.3606708987251679,3.3382250921378116,6.936641229679004,0.9977634732219233
180,sEEG-1029,0,LP12,cortical,../fooof_fits_sEEG_2021101_r4_fir1_pw1/sEEG-1029-0-LP12-fooof.json,-11.131619751579553,1.3338448349528518,3.2415076794990854,7.378622582413774,0.9969723639443623
181,sEEG-1029,0,LP13,cortical,../fooof_fits_sEEG_2021101_r4_fir1_pw1/sEEG-1029-0-LP13-fooof.json,-10.70041358478766,1.3805105884860132,3.8289913308932846,6.626886664016256,0.9977845283782724
182,sEEG-1029,0,LP14,cortical,../fooof_fits_sEEG_2021101_r4_fir1_pw1/sEEG-1029-0-LP14-fooof.json,-11.675747548783368,1.2621026263505786,2.638540401286112,8.703972401363377,0.9938540476239507
183,sEEG-1029,0,LP15,cortical,../fooof_fits_sEEG_2021101_r4_fir1_pw1/sEEG-1029-0-LP15-fooof.json,-11.888837527386846,0.17432667182040773,1.2035885243359699,106.53528200603171,0.9903483730237572
185,sEEG-1029,0,LCM2,subcortical,../fooof_fits_sEEG_2021101_r4_fir1_pw1/sEEG-1029-0-LCM2-fooof.json,-11.475965420245913,-0.8553816517846476,1.09383589340608,1140.7796975144602,0.9846071115436785
186,sEEG-1029,0,LCM3,subcortical,../fooof_fits_sEEG_2021101_r4_fir1_pw1/sEEG-1029-0-LCM3-fooof.json,-12.095353500596257,0.2812188283906447,1.0243858584860777,83.29161888215026,0.976955864565158
187,sEEG-1029,0,LCM4,subcortical,../fooof_fits_sEEG_2021101_r4_fir1_pw1/sEEG-1029-0-LCM4-fooof.json,-12.407538834693657,0.41836735450742185,0.9969374595072906,60.73692171838096,0.9691572836375567
188,sEEG-1029,0,LCM5,subcortical,../fooof_fits_sEEG_2021101_r4_fir1_pw1/sEEG-1029-0-LCM5-fooof.json,-12.767946676874171,0.4238198661183227,0.8163809902213306,59.979144296224526,0.9567669727200776
189,sEEG-1029,0,LCM6,subcortical,../fooof_fits_sEEG_2021101_r4_fir1_pw1/sEEG-1029-0-LCM6-fooof.json,-12.242505979561702,-0.8129044149701005,0.927843098059116,1034.4858308881885,0.9738048776458954
198,sEEG-1029,0,RPS7,cortical,../fooof_fits_sEEG_2021101_r4_fir1_pw1/sEEG-1029-0-RPS7-fooof.json,-11.646296462317903,1.3591987213216254,3.0149315172181117,6.960195050432298,0.9925976622359141
199,sEEG-1029,0,RPS8,cortical,../fooof_fits_sEEG_2021101_r4_fir1_pw1/sEEG-1029-0-RPS8-fooof.json,-11.849039858538724,1.1431946679388847,2.4573739008851185,11.445254750016083,0.9825439216410564
200,sEEG-1029,0,RPS11,cortical,../fooof_fits_sEEG_2021101_r4_fir1_pw1/sEEG-1029-0-RPS11-fooof.json,-10.90402474863091,1.3597540540443125,3.4770989676504516,6.9513007309115915,0.997247698689829
201,sEEG-1035,0,RCM4,subcortical,../fooof_fits_sEEG_2021101_r4_fir1_pw1/sEEG-1035-0-RCM4-fooof.json,-10.371966398322396,-0.6029516126134546,1.662709295558196,637.9281169075769,0.9939006817012288
202,sEEG-1035,0,RCM16,cortical,../fooof_fits_sEEG_2021101_r4_fir1_pw1/sEEG-1035-0-RCM16-fooof.json,-8.220619543960906,0.229424948826623,2.784501068270159,93.84155222951796,0.9962978207872203
203,sEEG-1035,0,LCM2,subcortical,../fooof_fits_sEEG_2021101_r4_fir1_pw1/sEEG-1035-0-LCM2-fooof.json,-9.91345732750444,-0.6097628200157765,1.9405897830294316,648.0118558198101,0.9933429663456156
204,sEEG-1035,0,LCM3,subcortical,../fooof_fits_sEEG_2021101_r4_fir1_pw1/sEEG-1035-0-LCM3-fooof.json,-10.95922652952946,-1.0,1.3274099342857566,1591.5494309189535,0.9870644114689272
205,sEEG-1035,0,LCM4,subcortical,../fooof_fits_sEEG_2021101_r4_fir1_pw1/sEEG-1035-0-LCM4-fooof.json,-11.548940816410628,-0.7284406346055142,1.0371318861573477,851.649245983477,0.9945222535059411
206,sEEG-1035,0,LCM5,subcortical,../fooof_fits_sEEG_2021101_r4_fir1_pw1/sEEG-1035-0-LCM5-fooof.json,-11.57082951987726,-0.7399803953715337,1.1257656447466862,874.5819843738849,0.9916306099117258
207,sEEG-1035,0,LCM6,subcortical,../fooof_fits_sEEG_2021101_r4_fir1_pw1/sEEG-1035-0-LCM6-fooof.json,-11.567236141594593,-0.9597585792273103,1.2205790471733091,1450.7036738006855,0.9900975419994964
210,sEEG-1035,0,LCM16,cortical,../fooof_fits_sEEG_2021101_r4_fir1_pw1/sEEG-1035-0-LCM16-fooof.json,-8.280487652118179,0.33237279559043703,3.1729027094232247,74.03674826601551,0.9992281894592252
211,sEEG-1035,0,RCM2,subcortical,../fooof_fits_sEEG_2021101_r4_fir1_pw1/sEEG-1035-0-RCM2-fooof.json,-9.962144477206209,-0.020263840999349487,2.0300745767487793,166.75696128896138,0.9961268700766956
212,sEEG-1035,0,RCM3,subcortical,../fooof_fits_sEEG_2021101_r4_fir1_pw1/sEEG-1035-0-RCM3-fooof.json,-10.170937687872623,-1.0,1.7757835544255813,1591.5494309189535,0.9736290588953411
213,sEEG-1035,0,RCM13,subcortical,../fooof_fits_sEEG_2021101_r4_fir1_pw1/sEEG-1035-0-RCM13-fooof.json,-10.165396116157835,-0.3453008158576847,1.8005887546934514,352.4690171450449,0.9979003766806045
214,sEEG-1035,0,RCM14,cortical,../fooof_fits_sEEG_2021101_r4_fir1_pw1/sEEG-1035-0-RCM14-fooof.json,-9.964412308805173,-0.13643962515736058,1.8819895684998647,217.90126765943583,0.9960937713383906
215,sEEG-1035,0,RCM15,cortical,../fooof_fits_sEEG_2021101_r4_fir1_pw1/sEEG-1035-0-RCM15-fooof.json,-9.30996161267617,0.5871045997498889,2.7584965612185575,41.18276786508972,0.998480833355919
216,sEEG-1035,0,LCM13,cortical,../fooof_fits_sEEG_2021101_r4_fir1_pw1/sEEG-1035-0-LCM13-fooof.json,-8.71265135054629,0.2240024965104392,2.7109619161852425,95.02057083965047,0.998918759386116
217,sEEG-1035,0,LCM14,cortical,../fooof_fits_sEEG_2021101_r4_fir1_pw1/sEEG-1035-0-LCM14-fooof.json,-8.627561098338317,0.08187945035153651,2.5740126495260975,131.80766949411188,0.9988773702692436
218,sEEG-1035,0,LCM15,cortical,../fooof_fits_sEEG_2021101_r4_fir1_pw1/sEEG-1035-0-LCM15-fooof.json,-8.691312507290625,0.2743988787394701,2.7455465284072194,84.60991386000715,0.9991611237140144
0,sEEG-1061,0,RFIa1,subcortical,../fooof_fits_sEEG_2021101_r4_fir1_pw1/sEEG-1061-0-RFIa1-fooof.json,-10.093577069997373,-0.9486978079336348,1.662293588877152,1414.2231417434516,0.9902629426549386
1,sEEG-1061,0,RFIa2,subcortical,../fooof_fits_sEEG_2021101_r4_fir1_pw1/sEEG-1061-0-RFIa2-fooof.json,-10.021716615740281,-0.771650830289711,1.6948380306780606,940.74292739359,0.9888391207588118
2,sEEG-1061,0,RFIa3,subcortical,../fooof_fits_sEEG_2021101_r4_fir1_pw1/sEEG-1061-0-RFIa3-fooof.json,-11.20231412303562,0.6171904094319616,1.5806480792417226,38.426402032835306,0.9724792222967656
3,sEEG-1061,0,RFIa4,subcortical,../fooof_fits_sEEG_2021101_r4_fir1_pw1/sEEG-1061-0-RFIa4-fooof.json,-10.687659174089866,-1.0,1.4767159475975051,1591.5494309189535,0.9866082292488053
4,sEEG-1061,0,RFIa6,subcortical,../fooof_fits_sEEG_2021101_r4_fir1_pw1/sEEG-1061-0-RFIa6-fooof.json,-11.180954856385451,-0.2174142105062916,1.4534478747308337,262.56349347537696,0.9965686319561256
5,sEEG-1061,0,RFIa7,subcortical,../fooof_fits_sEEG_2021101_r4_fir1_pw1/sEEG-1061-0-RFIa7-fooof.json,-11.065047115544337,0.5795276605355405,1.6935468209122289,41.90756922800549,0.9924175087727286
6,sEEG-1061,0,RFIa8,subcortical,../fooof_fits_sEEG_2021101_r4_fir1_pw1/sEEG-1061-0-RFIa8-fooof.json,-10.668339403119615,0.2650558604115604,1.7677361324965242,86.44985540809756,0.9962647252468486
7,sEEG-1061,0,RFM11,cortical,../fooof_fits_sEEG_2021101_r4_fir1_pw1/sEEG-1061-0-RFM11-fooof.json,-10.994576960978112,1.232322425471078,2.9515317144384516,9.321755468226174,0.9969755788006098
8,sEEG-1061,0,LFIa1,subcortical,../fooof_fits_sEEG_2021101_r4_fir1_pw1/sEEG-1061-0-LFIa1-fooof.json,-10.114528747237246,-1.0,1.7057511711605242,1591.5494309189535,0.987194241665205
9,sEEG-1061,0,LFIa2,subcortical,../fooof_fits_sEEG_2021101_r4_fir1_pw1/sEEG-1061-0-LFIa2-fooof.json,-10.480451634443996,-1.0,1.507955659383315,1591.5494309189535,0.9862868480261523
10,sEEG-1061,0,LFIa3,subcortical,../fooof_fits_sEEG_2021101_r4_fir1_pw1/sEEG-1061-0-LFIa3-fooof.json,-11.17988486689801,-0.9078381430826168,1.1637748596415693,1287.2362892642893,0.9870255431797283
11,sEEG-1061,0,LFIa4,subcortical,../fooof_fits_sEEG_2021101_r4_fir1_pw1/sEEG-1061-0-LFIa4-fooof.json,-11.399451798985968,-0.5758152804101827,1.2094374953371798,599.287766074197,0.9950891851873687
12,sEEG-1061,0,LFIa6,subcortical,../fooof_fits_sEEG_2021101_r4_fir1_pw1/sEEG-1061-0-LFIa6-fooof.json,-10.907640569128217,0.6973052889749229,1.863199838484781,31.953235679298196,0.9982687713779475
13,sEEG-1061,0,LFIa7,subcortical,../fooof_fits_sEEG_2021101_r4_fir1_pw1/sEEG-1061-0-LFIa7-fooof.json,-10.106785979010793,0.7197762648061541,2.49024366707667,30.34197644288406,0.9983004287764903
14,sEEG-1061,0,LFM14,cortical,../fooof_fits_sEEG_2021101_r4_fir1_pw1/sEEG-1061-0-LFM14-fooof.json,-9.615796050607177,0.5890474143082199,2.9302427322043227,40.9989483887299,0.997921482412769
15,sEEG-1061,0,RFM9,cortical,../fooof_fits_sEEG_2021101_r4_fir1_pw1/sEEG-1061-0-RFM9-fooof.json,-9.397304948979864,0.692978668872689,2.8722060402527743,32.27315789662346,0.9951249711716814
16,sEEG-1061,0,RFM10,cortical,../fooof_fits_sEEG_2021101_r4_fir1_pw1/sEEG-1061-0-RFM10-fooof.json,-9.34306573642977,0.6040910334268054,2.769512310227008,39.60309232365603,0.9951174341498887
17,sEEG-1061,0,LFM9,cortical,../fooof_fits_sEEG_2021101_r4_fir1_pw1/sEEG-1061-0-LFM9-fooof.json,-9.677626335129979,1.0234573088382144,3.151901654455189,15.078662574093098,0.9972599284371938
18,sEEG-1061,0,LFM10,cortical,../fooof_fits_sEEG_2021101_r4_fir1_pw1/sEEG-1061-0-LFM10-fooof.json,-10.130031977921394,1.1489335561349936,3.103507318855547,11.295008849136178,0.997551038931872
19,sEEG-1061,0,LFM11,cortical,../fooof_fits_sEEG_2021101_r4_fir1_pw1/sEEG-1061-0-LFM11-fooof.json,-9.61782395035145,0.9708668782791202,3.11705536153243,17.019753011303276,0.9993433795427198
20,sEEG-1061,0,LFM12,cortical,../fooof_fits_sEEG_2021101_r4_fir1_pw1/sEEG-1061-0-LFM12-fooof.json,-9.715326147103928,0.9070655920055072,2.9531318223294805,19.713082508328018,0.9995166940547258
21,sEEG-1061,0,LFM13,cortical,../fooof_fits_sEEG_2021101_r4_fir1_pw1/sEEG-1061-0-LFM13-fooof.json,-9.345608810500568,0.6937579373364526,3.048303237719803,32.21530106105076,0.9994858969205302
22,sEEG-1063,0,LCS1,subcortical,../fooof_fits_sEEG_2021101_r4_fir1_pw1/sEEG-1063-0-LCS1-fooof.json,-9.73985484563315,-0.5473352393487734,1.9813120289783346,561.2487296183157,0.9957829393330629
23,sEEG-1063,0,LCS2,subcortical,../fooof_fits_sEEG_2021101_r4_fir1_pw1/sEEG-1063-0-LCS2-fooof.json,-9.835734667155569,-0.8186785606573422,1.9456594922216874,1048.3316369529234,0.9968394998612266
24,sEEG-1063,0,LCS3,subcortical,../fooof_fits_sEEG_2021101_r4_fir1_pw1/sEEG-1063-0-LCS3-fooof.json,-10.543001152029678,-1.0,1.4976308970945937,1591.5494309189535,0.9823920133006763
25,sEEG-1063,0,LCS4,subcortical,../fooof_fits_sEEG_2021101_r4_fir1_pw1/sEEG-1063-0-LCS4-fooof.json,-11.369239528392434,-1.0,1.1191866186026647,1591.5494309189535,0.9812700455215417
26,sEEG-1063,0,LCS5,subcortical,../fooof_fits_sEEG_2021101_r4_fir1_pw1/sEEG-1063-0-LCS5-fooof.json,-12.22836391409335,0.7586121314129824,1.21564461966148,27.74648671789429,0.9908389614325653
27,sEEG-1063,0,LCS6,subcortical,../fooof_fits_sEEG_2021101_r4_fir1_pw1/sEEG-1063-0-LCS6-fooof.json,-11.913930620758947,-1.0,1.0050915444271604,1591.5494309189535,0.9792485402439579
28,sEEG-1063,0,LCS8,subcortical,../fooof_fits_sEEG_2021101_r4_fir1_pw1/sEEG-1063-0-LCS8-fooof.json,-12.368554939340797,-0.5120669690933901,1.014448255882493,517.472292281899,0.9817932902405443
29,sEEG-1063,0,LCS9,subcortical,../fooof_fits_sEEG_2021101_r4_fir1_pw1/sEEG-1063-0-LCS9-fooof.json,-12.090931127814605,-1.0,1.15580206985413,1591.5494309189535,0.9813426022430225
30,sEEG-1063,0,LCS16,cortical,../fooof_fits_sEEG_2021101_r4_fir1_pw1/sEEG-1063-0-LCS16-fooof.json,-10.928078819162382,0.8509473577486374,2.5607062709788724,22.43224677233322,0.9923500433335709
31,sEEG-1063,0,LPIa8,cortical,../fooof_fits_sEEG_2021101_r4_fir1_pw1/sEEG-1063-0-LPIa8-fooof.json,-10.501764621341321,0.438433150614243,2.2504314511391375,57.994523037173145,0.99150485319752
32,sEEG-1063,0,LPIb7,cortical,../fooof_fits_sEEG_2021101_r4_fir1_pw1/sEEG-1063-0-LPIb7-fooof.json,-11.171408533234832,1.192199465180222,2.990402498123445,10.223995895454971,0.997155331106802
33,sEEG-1063,0,LCS15,cortical,../fooof_fits_sEEG_2021101_r4_fir1_pw1/sEEG-1063-0-LCS15-fooof.json,-11.51914442635499,1.0056349139101404,2.4985280641968264,15.710326748483679,0.9928168861319594
34,sEEG-1063,0,LPIa4,cortical,../fooof_fits_sEEG_2021101_r4_fir1_pw1/sEEG-1063-0-LPIa4-fooof.json,-11.24159445243338,1.1025669179813713,2.618889491166585,12.56762500471706,0.9947377400855475
35,sEEG-1063,0,LPIa5,cortical,../fooof_fits_sEEG_2021101_r4_fir1_pw1/sEEG-1063-0-LPIa5-fooof.json,-10.87073620589782,0.6031709667847428,2.1223501370214297,39.68708166716251,0.9974455401564116
36,sEEG-1063,0,LPIa6,cortical,../fooof_fits_sEEG_2021101_r4_fir1_pw1/sEEG-1063-0-LPIa6-fooof.json,-11.088145044035395,0.3587409151431179,1.9140502402300863,69.67535922775116,0.9970483753684971
37,sEEG-1063,0,LPIa7,cortical,../fooof_fits_sEEG_2021101_r4_fir1_pw1/sEEG-1063-0-LPIa7-fooof.json,-10.80945589995588,0.22291092813624414,1.9490922036845508,95.25969869386759,0.9860162320647925
38,sEEG-1063,0,LPIb2,cortical,../fooof_fits_sEEG_2021101_r4_fir1_pw1/sEEG-1063-0-LPIb2-fooof.json,-11.431322870198192,-1.0,1.1842056150216473,1591.5494309189535,0.9895197543933965
39,sEEG-1063,0,LPIb3,cortical,../fooof_fits_sEEG_2021101_r4_fir1_pw1/sEEG-1063-0-LPIb3-fooof.json,-11.204551266766222,0.10049780614529057,1.7384296105964288,126.27643877417225,0.9970516059023151
40,sEEG-1063,0,LPIb4,cortical,../fooof_fits_sEEG_2021101_r4_fir1_pw1/sEEG-1063-0-LPIb4-fooof.json,-11.326770080684327,0.9072940031153237,2.386102327356251,19.702717414166994,0.9928858847730879
41,sEEG-1063,0,LPIb5,cortical,../fooof_fits_sEEG_2021101_r4_fir1_pw1/sEEG-1063-0-LPIb5-fooof.json,-11.324200981542239,1.2276650708425416,3.1164827591454696,9.422259494719201,0.9978771578674875
42,sEEG-1063,0,LPIb6,cortical,../fooof_fits_sEEG_2021101_r4_fir1_pw1/sEEG-1063-0-LPIb6-fooof.json,-11.370026419109324,1.15512274173426,2.7770986985931274,11.135183797694706,0.9932821536702023
43,sEEG-1066,0,RPI10,cortical,../fooof_fits_sEEG_2021101_r4_fir1_pw1/sEEG-1066-0-RPI10-fooof.json,-10.560913650107082,1.2844698817580404,3.631650013871006,8.267044015000508,0.9982108509043813
44,sEEG-1066,0,RF1,subcortical,../fooof_fits_sEEG_2021101_r4_fir1_pw1/sEEG-1066-0-RF1-fooof.json,-9.767780870663143,0.13136388373378896,2.137018440073116,117.6132491700983,0.9985757599076939
45,sEEG-1066,0,RF2,subcortical,../fooof_fits_sEEG_2021101_r4_fir1_pw1/sEEG-1066-0-RF2-fooof.json,-10.190950873983667,-1.0,1.7558602014062792,1591.5494309189535,0.9838498259719571
46,sEEG-1066,0,RF3,subcortical,../fooof_fits_sEEG_2021101_r4_fir1_pw1/sEEG-1066-0-RF3-fooof.json,-11.348323238698889,-0.2933642655437937,1.2893729124792483,312.74069516415886,0.9975402316114016
47,sEEG-1066,0,RF4,subcortical,../fooof_fits_sEEG_2021101_r4_fir1_pw1/sEEG-1066-0-RF4-fooof.json,-11.696788505185717,-0.9258031255261054,1.024703305321741,1341.6006412145168,0.9794013420830806
48,sEEG-1066,0,RF5,subcortical,../fooof_fits_sEEG_2021101_r4_fir1_pw1/sEEG-1066-0-RF5-fooof.json,-11.591433060334968,-1.0,1.0954713249839567,1591.5494309189535,0.9827859056491121
49,sEEG-1066,0,RF6,subcortical,../fooof_fits_sEEG_2021101_r4_fir1_pw1/sEEG-1066-0-RF6-fooof.json,-11.934157276818757,-1.0,0.98823711842264,1591.5494309189535,0.9773491701505991
50,sEEG-1066,0,LPI3,cortical,../fooof_fits_sEEG_2021101_r4_fir1_pw1/sEEG-1066-0-LPI3-fooof.json,-10.69108718430806,1.15692165307753,3.0152853061568505,11.089155629256322,0.9988153655508671
51,sEEG-1066,0,LPI4,cortical,../fooof_fits_sEEG_2021101_r4_fir1_pw1/sEEG-1066-0-LPI4-fooof.json,-11.049254972510807,0.8962560466719608,2.6535764712836407,20.20989629436144,0.996933542617791
52,sEEG-1066,0,LPI8,cortical,../fooof_fits_sEEG_2021101_r4_fir1_pw1/sEEG-1066-0-LPI8-fooof.json,-10.079257094491057,1.1263577743471216,3.2692816113636334,11.89768200899061,0.9832274591914631
53,sEEG-1066,0,LF1,subcortical,../fooof_fits_sEEG_2021101_r4_fir1_pw1/sEEG-1066-0-LF1-fooof.json,-11.488591699890952,-1.0,1.244996452182686,1591.5494309189535,0.9743849289795494
54,sEEG-1066,0,LF2,subcortical,../fooof_fits_sEEG_2021101_r4_fir1_pw1/sEEG-1066-0-LF2-fooof.json,-11.998105549590404,-1.0,1.1525198839979272,1591.5494309189535,0.9370968972366526
55,sEEG-1066,0,LF3,subcortical,../fooof_fits_sEEG_2021101_r4_fir1_pw1/sEEG-1066-0-LF3-fooof.json,-11.805208077200291,-0.9160490779500903,1.2337270226984338,1311.8047815878951,0.9800997399964135
56,sEEG-1066,0,LF4,subcortical,../fooof_fits_sEEG_2021101_r4_fir1_pw1/sEEG-1066-0-LF4-fooof.json,-11.847471984984603,-1.0,1.1740704003525093,1591.5494309189535,0.9970751709572798
57,sEEG-1066,0,LF5,subcortical,../fooof_fits_sEEG_2021101_r4_fir1_pw1/sEEG-1066-0-LF5-fooof.json,-11.312266562385814,-0.885397943344503,1.450952765817768,1222.4133240775839,0.997826109950133
58,sEEG-1066,0,LF6,subcortical,../fooof_fits_sEEG_2021101_r4_fir1_pw1/sEEG-1066-0-LF6-fooof.json,-11.042267413058982,-0.14686082055089666,1.7351896970325544,223.19319656838698,0.9964469306377931
59,sEEG-1066,0,LF16,cortical,../fooof_fits_sEEG_2021101_r4_fir1_pw1/sEEG-1066-0-LF16-fooof.json,-9.990988817303279,-1.0,1.997977973481523,1591.5494309189535,0.9910175850153499
60,sEEG-1066,0,RPI6,cortical,../fooof_fits_sEEG_2021101_r4_fir1_pw1/sEEG-1066-0-RPI6-fooof.json,-10.663882471915592,0.5323662477206692,2.2893919911432197,46.714734393890815,0.9914413844222162
61,sEEG-1066,0,RPI7,cortical,../fooof_fits_sEEG_2021101_r4_fir1_pw1/sEEG-1066-0-RPI7-fooof.json,-10.8400455007315,0.9337317937842451,2.789143924942654,18.53908680165776,0.9892271512873972
62,sEEG-1066,0,RPI8,cortical,../fooof_fits_sEEG_2021101_r4_fir1_pw1/sEEG-1066-0-RPI8-fooof.json,-10.314768263855868,1.2116476921880839,3.6670086032094815,9.776253164046553,0.9920003780476115
63,sEEG-1066,0,RPI9,cortical,../fooof_fits_sEEG_2021101_r4_fir1_pw1/sEEG-1066-0-RPI9-fooof.json,-9.979074088544184,1.1515941984089026,3.554817900225,11.226023143747721,0.9898219358552445
64,sEEG-1066,0,LF15,cortical,../fooof_fits_sEEG_2021101_r4_fir1_pw1/sEEG-1066-0-LF15-fooof.json,-10.092853862797073,1.1909690109578754,4.085193235937948,10.253003855491386,0.9858247113736396
65,sEEG-1066,0,LPI6,cortical,../fooof_fits_sEEG_2021101_r4_fir1_pw1/sEEG-1066-0-LPI6-fooof.json,-10.732269768540982,0.7173884877238205,2.539172769793287,30.509257887623793,0.9947353703957336
66,sEEG-1066,0,LPI7,cortical,../fooof_fits_sEEG_2021101_r4_fir1_pw1/sEEG-1066-0-LPI7-fooof.json,-10.1679720151338,1.1632804474761198,3.491643549286536,10.927974782733669,0.989098867958543
